"35 Sweetbriar Drive, Smithtown, NY 11787",LISTING BY: SIGNATURE PREMIER PROPERTIES,"$528,000",3,2,--
"237 Philip Schuyler Road, Cobleskill, NY 12043",LISTING BY: HOWARD HANNA,"$315,000",3,2,"1,958"
"904 Parkway E, Utica, NY 13501","MLS ID #S1526891, LISTING BY: ASSIST2SELL BUYERS & SELLERS 1ST CHOICE","$449,900",3,3,"2,395"
"65 Green Street, Hudson, NY 12534","LISTING BY: COMPASS GREATER NY, LLC","$515,000",4,2,"1,700"
"43 Queen Street, Whitehall, NY 12887",LISTING BY: NY & VT REAL ESTATE COMPANY LL,"$194,500",3,2,"1,948"
"26 Apricot Road, Rocky Point, NY 11778",LISTING BY: SIGNATURE PREMIER PROPERTIES,"$389,000",3,1,--
"24005 147th Ave, Rosedale, NY 11422",LISTING BY: SOWAE CORP,"$250,000",4,2,"2,304"
"11 Clearwater Road, Highland, NY 12528","LISTING BY: COMPASS GREATER NY, LLC","$850,000",3,3,"3,257"
"30 Redbud Ct, East Amherst, NY 14051","MLS ID #B1526275, LISTING BY: HOWARD HANNA WNY INC","$249,900",4,3,"2,520"
"4 Wilderness Road, Nissequogue, NY 11780",LISTING BY: DANIEL GALE SOTHEBYS INTL RLTY,"$1,399,000",6,4,"4,800"
"15 Kirkwood Dr, Glen Cove, NY 11542",LISTING BY: SOWAE CORP,"$240,000",4,2,"2,462"
"101 Chestnut Heights Dr, Liverpool, NY 13088","MLS ID #S1526709, LISTING BY: INTEGRATED REAL ESTATE SER LLC","$280,000",4,3,"1,868"
"466 Colebrook Road, Gansevoort, NY 12831",LISTING BY: WEICHERT REALTORS-RELIABLE PROPERTIES,"$329,000",3,3,"1,658"
"409 North Ave, Penn Yan, NY 14527","MLS ID #R1526980, LISTING BY: WINE TRAIL PROPERTIES, LLC","$275,000",3,2,"1,560"
"95 W Maplemere Rd, Williamsville, NY 14221","MLS ID #B1525134, LISTING BY: MURCHIE REAL ESTATE, LLC","$499,900",4,3,"2,776"
"20 Fall Meadow Dr, Pittsford, NY 14534","MLS ID #R1526660, LISTING BY: KELLER WILLIAMS REALTY GREATER ROCHESTER","$715,000",5,5,"3,334"
"44 Pine Ridge Ter, Buffalo, NY 14225","MLS ID #B1525868, LISTING BY: WNY METRO ROBERTS REALTY","$199,900",4,3,"1,976"
"53 Geddes St, Holley, NY 14470","MLS ID #R1525894, LISTING BY: HOWARD HANNA","$119,900",3,2,"1,944"
"290 Toleman Road, Washingtonville, NY 10992",LISTING BY: BIAGINI REALTY,"$999,900",3,4,"3,205"
"43 Edward Ln, Spencerport, NY 14559","MLS ID #R1526939, LISTING BY: SIRIANNI REALTY LLC","$189,900",3,2,"2,112"
"49 Hilltop Dr, Springville, NY 14141","MLS ID #B1526728, LISTING BY: HOWARD HANNA WNY INC.","$425,000",4,3,"3,236"
"317 Salt Springs Rd, Syracuse, NY 13224","MLS ID #S1525886, LISTING BY: NEXTHOME CNY REALTY","$222,000",4,2,"2,638"
"26 Stratford Road, White Plains, NY 10603",LISTING BY: GRAND LUX REALTY BENCHMARK INC,"$735,000",4,4,"2,500"
"106 Elk St, Syracuse, NY 13205","MLS ID #S1525882, LISTING BY: HUNT REAL ESTATE ERA","$184,900",5,3,"1,920"
"128 N School St, Carthage, NY 13619","MLS ID #S1526419, LISTING BY: NORTH STAR REAL ESTATE & PROPERTY MANAGEMENT","$199,000",6,2,"3,010"
"11 Fran Road, Goshen, NY 10924",LISTING BY: KELLER WILLIAMS HUDSON VALLEY,"$549,000",4,3,"2,706"
"1458 Middle Road, Calverton, NY 11933",LISTING BY: SIGNATURE PREMIER PROPERTIES,"$1,350,000",3,1,"1,541"
"7663 Easton St, Lowville, NY 13367","MLS ID #S1526978, LISTING BY: HOMES REALTY OF NORTHERN NEW YORK","$339,000",5,2,"2,242"
"109 Ferndale Rd, Syracuse, NY 13219","MLS ID #S1526064, LISTING BY: HOWARD HANNA REAL ESTATE","$264,900",4,3,"1,339"
"17 Oak Avenue, Highland Falls, NY 10928",LISTING BY: RE/MAX CLASSIC REALTY,"$424,900",4,2,"1,792"
"1573 Chili Ave, Rochester, NY 14624","MLS ID #R1525409, LISTING BY: RE/MAX PLUS","$127,500",3,2,"1,328"
"345 Brown Settlement Road, Livingston Manor, NY 12758",LISTING BY: RM FARM REAL ESTATE,"$725,000",2,2,684
"77 Oakland Avenue, Gloversville, NY 12078",LISTING BY: COLDWELL BANKER PRIME PROP,"$279,900",4,3,"3,200"
"15 N Emerson Avenue, Copiague, NY 11726",LISTING BY: FAIRWAY HOMES INC,"$529,999",4,2,"1,842"
"4788 N Y   Route  81, Greenville, NY 12083",LISTING BY: ALBANY SHAKER REAL ESTATE,"$169,000",3,3,"1,071"
"137 Waverly St, Buffalo, NY 14208","MLS ID #B1526897, LISTING BY: HOWARD HANNA WNY INC.","$189,000",3,1,"1,300"
"241-6 137th Ave, Rosedale, NY 11422",LISTING BY: SOWAE CORP,"$250,000",4,2,"1,676"
"110 Main St, Sharon Springs, NY 13459",LISTING BY: EULER RICHARD R,"$79,000",4,2,"2,456"
"48 Chapin St, Canandaigua, NY 14424","MLS ID #R1520395, LISTING BY: KELLER WILLIAMS REALTY GATEWAY","$189,900",4,2,"1,968"
"163 Church Hill Road, Kingston, NY 12401",LISTING BY: RIVER REALTY SERVICES INC.,"$249,000",3,3,"6,198"
"2119 Maiden Ln, Rochester, NY 14626","MLS ID #R1526035, LISTING BY: RE/MAX REALTY GROUP","$179,900",4,2,"1,668"
"35 Sweetbriar Drive, Smithtown, NY 11787",LISTING BY: SIGNATURE PREMIER PROPERTIES,"$528,000",3,2,--
"237 Philip Schuyler Road, Cobleskill, NY 12043",LISTING BY: HOWARD HANNA,"$315,000",3,2,"1,958"
"904 Parkway E, Utica, NY 13501","MLS ID #S1526891, LISTING BY: ASSIST2SELL BUYERS & SELLERS 1ST CHOICE","$449,900",3,3,"2,395"
"65 Green Street, Hudson, NY 12534","LISTING BY: COMPASS GREATER NY, LLC","$515,000",4,2,"1,700"
"43 Queen Street, Whitehall, NY 12887",LISTING BY: NY & VT REAL ESTATE COMPANY LL,"$194,500",3,2,"1,948"
"26 Apricot Road, Rocky Point, NY 11778",LISTING BY: SIGNATURE PREMIER PROPERTIES,"$389,000",3,1,--
"24005 147th Ave, Rosedale, NY 11422",LISTING BY: SOWAE CORP,"$250,000",4,2,"2,304"
"11 Clearwater Road, Highland, NY 12528","LISTING BY: COMPASS GREATER NY, LLC","$850,000",3,3,"3,257"
"30 Redbud Ct, East Amherst, NY 14051","MLS ID #B1526275, LISTING BY: HOWARD HANNA WNY INC","$249,900",4,3,"2,520"
"4 Wilderness Road, Nissequogue, NY 11780",LISTING BY: DANIEL GALE SOTHEBYS INTL RLTY,"$1,399,000",6,4,"4,800"
"15 Kirkwood Dr, Glen Cove, NY 11542",LISTING BY: SOWAE CORP,"$240,000",4,2,"2,462"
"101 Chestnut Heights Dr, Liverpool, NY 13088","MLS ID #S1526709, LISTING BY: INTEGRATED REAL ESTATE SER LLC","$280,000",4,3,"1,868"
"466 Colebrook Road, Gansevoort, NY 12831",LISTING BY: WEICHERT REALTORS-RELIABLE PROPERTIES,"$329,000",3,3,"1,658"
"409 North Ave, Penn Yan, NY 14527","MLS ID #R1526980, LISTING BY: WINE TRAIL PROPERTIES, LLC","$275,000",3,2,"1,560"
"95 W Maplemere Rd, Williamsville, NY 14221","MLS ID #B1525134, LISTING BY: MURCHIE REAL ESTATE, LLC","$499,900",4,3,"2,776"
"20 Fall Meadow Dr, Pittsford, NY 14534","MLS ID #R1526660, LISTING BY: KELLER WILLIAMS REALTY GREATER ROCHESTER","$715,000",5,5,"3,334"
"44 Pine Ridge Ter, Buffalo, NY 14225","MLS ID #B1525868, LISTING BY: WNY METRO ROBERTS REALTY","$199,900",4,3,"1,976"
"53 Geddes St, Holley, NY 14470","MLS ID #R1525894, LISTING BY: HOWARD HANNA","$119,900",3,2,"1,944"
"290 Toleman Road, Washingtonville, NY 10992",LISTING BY: BIAGINI REALTY,"$999,900",3,4,"3,205"
"43 Edward Ln, Spencerport, NY 14559","MLS ID #R1526939, LISTING BY: SIRIANNI REALTY LLC","$189,900",3,2,"2,112"
"49 Hilltop Dr, Springville, NY 14141","MLS ID #B1526728, LISTING BY: HOWARD HANNA WNY INC.","$425,000",4,3,"3,236"
"317 Salt Springs Rd, Syracuse, NY 13224","MLS ID #S1525886, LISTING BY: NEXTHOME CNY REALTY","$222,000",4,2,"2,638"
"26 Stratford Road, White Plains, NY 10603",LISTING BY: GRAND LUX REALTY BENCHMARK INC,"$735,000",4,4,"2,500"
"106 Elk St, Syracuse, NY 13205","MLS ID #S1525882, LISTING BY: HUNT REAL ESTATE ERA","$184,900",5,3,"1,920"
"128 N School St, Carthage, NY 13619","MLS ID #S1526419, LISTING BY: NORTH STAR REAL ESTATE & PROPERTY MANAGEMENT","$199,000",6,2,"3,010"
"11 Fran Road, Goshen, NY 10924",LISTING BY: KELLER WILLIAMS HUDSON VALLEY,"$549,000",4,3,"2,706"
"1458 Middle Road, Calverton, NY 11933",LISTING BY: SIGNATURE PREMIER PROPERTIES,"$1,350,000",3,1,"1,541"
"7663 Easton St, Lowville, NY 13367","MLS ID #S1526978, LISTING BY: HOMES REALTY OF NORTHERN NEW YORK","$339,000",5,2,"2,242"
"109 Ferndale Rd, Syracuse, NY 13219","MLS ID #S1526064, LISTING BY: HOWARD HANNA REAL ESTATE","$264,900",4,3,"1,339"
"17 Oak Avenue, Highland Falls, NY 10928",LISTING BY: RE/MAX CLASSIC REALTY,"$424,900",4,2,"1,792"
"1573 Chili Ave, Rochester, NY 14624","MLS ID #R1525409, LISTING BY: RE/MAX PLUS","$127,500",3,2,"1,328"
"345 Brown Settlement Road, Livingston Manor, NY 12758",LISTING BY: RM FARM REAL ESTATE,"$725,000",2,2,684
"77 Oakland Avenue, Gloversville, NY 12078",LISTING BY: COLDWELL BANKER PRIME PROP,"$279,900",4,3,"3,200"
"15 N Emerson Avenue, Copiague, NY 11726",LISTING BY: FAIRWAY HOMES INC,"$529,999",4,2,"1,842"
"4788 N Y   Route  81, Greenville, NY 12083",LISTING BY: ALBANY SHAKER REAL ESTATE,"$169,000",3,3,"1,071"
"137 Waverly St, Buffalo, NY 14208","MLS ID #B1526897, LISTING BY: HOWARD HANNA WNY INC.","$189,000",3,1,"1,300"
"241-6 137th Ave, Rosedale, NY 11422",LISTING BY: SOWAE CORP,"$250,000",4,2,"1,676"
"110 Main St, Sharon Springs, NY 13459",LISTING BY: EULER RICHARD R,"$79,000",4,2,"2,456"
"48 Chapin St, Canandaigua, NY 14424","MLS ID #R1520395, LISTING BY: KELLER WILLIAMS REALTY GATEWAY","$189,900",4,2,"1,968"
"163 Church Hill Road, Kingston, NY 12401",LISTING BY: RIVER REALTY SERVICES INC.,"$249,000",3,3,"6,198"
"2119 Maiden Ln, Rochester, NY 14626","MLS ID #R1526035, LISTING BY: RE/MAX REALTY GROUP","$179,900",4,2,"1,668"
"109 Glen Rd S, Rome, NY 13440","MLS ID #S1526969, LISTING BY: COLDWELL BANKER PRIME PROP. INC.","$169,900",3,1,"1,114"
"64 Miller Avenue, Amityville, NY 11701",LISTING BY: REALHOME SERVICES & SOLUTIONS,"$198,300",3,2,"1,500"
"7 Berwick Circle, Highland Mills, NY 10930",LISTING BY: KELLER WILLIAMS REALTY,"$674,000",3,3,"2,268"
"101 Manor Drive, Shirley, NY 11967",LISTING BY: SIGNATURE PREMIER PROPERTIES,"$450,000",3,2,--
"30 Luka Ln, Saugerties, NY 12477",LISTING BY: RVW SELECT PROPERTIES,"$499,900",3,3,"1,782"
"12 Joe Green Road, Fort Ann, NY 12827",LISTING BY: HUNT ERA,"$440,000",4,2,"1,590"
"4355 Ransom Rd, Clarence, NY 14031","MLS ID #B1525955, LISTING BY: HUNT REAL ESTATE ERA","$120,000",2,1,"1,587"
"30 Kibler Dr, Depew, NY 14043","MLS ID #B1526333, LISTING BY: KELLER WILLIAMS REALTY WNY","$259,900",3,2,"1,492"
"34 Jefferson Ave APT 2M, Brooklyn, NY 11238","LISTING BY: MICHAEL REED, LREB","$145,000",4,2,"1,120"
"109 Glen Rd S, Rome, NY 13440","MLS ID #S1526969, LISTING BY: COLDWELL BANKER PRIME PROP. INC.","$169,900",3,1,"1,114"
"64 Miller Avenue, Amityville, NY 11701",LISTING BY: REALHOME SERVICES & SOLUTIONS,"$198,300",3,2,"1,500"
"7 Berwick Circle, Highland Mills, NY 10930",LISTING BY: KELLER WILLIAMS REALTY,"$674,000",3,3,"2,268"
"101 Manor Drive, Shirley, NY 11967",LISTING BY: SIGNATURE PREMIER PROPERTIES,"$450,000",3,2,--
"30 Luka Ln, Saugerties, NY 12477",LISTING BY: RVW SELECT PROPERTIES,"$499,900",3,3,"1,782"
"12 Joe Green Road, Fort Ann, NY 12827",LISTING BY: HUNT ERA,"$440,000",4,2,"1,590"
"4355 Ransom Rd, Clarence, NY 14031","MLS ID #B1525955, LISTING BY: HUNT REAL ESTATE ERA","$120,000",2,1,"1,587"
"30 Kibler Dr, Depew, NY 14043","MLS ID #B1526333, LISTING BY: KELLER WILLIAMS REALTY WNY","$259,900",3,2,"1,492"
"34 Jefferson Ave APT 2M, Brooklyn, NY 11238","LISTING BY: MICHAEL REED, LREB","$145,000",4,2,"1,120"
"495 Main Avenue, Wynantskill, NY 12198",LISTING BY: VENTURE REALTY PARTNERS,"$374,900",4,3,"2,982"
"34 Partridge Walk, Lancaster, NY 14086","MLS ID #B1522382, LISTING BY: FLIPPED REALTY LLC","$289,900",3,2,"1,445"
"1070 Church Rd, Angola, NY 14006","MLS ID #R1526494, LISTING BY: KELLER WILLIAMS REALTY","$27,000",3,1,"1,200"
"1811 Riverview Dr, Endicott, NY 13760",LISTING BY: EXIT REALTY HOMEWARD BOUND,"$250,000",4,3,"2,100"
"2056 Spruce St, North Collins, NY 14111","MLS ID #B1526407, LISTING BY: DANAHY REAL ESTATE","$155,000",2,2,"1,764"
"7 Rhonda Lane, Farmingdale, NY 11735",LISTING BY: COLDWELL BANKER AMERICAN HOMES,"$599,500",3,2,--
"79 Woodward Ave, Kenmore, NY 14217","MLS ID #B1526427, LISTING BY: BUFFALO HOME SELLERS LLC","$209,900",3,2,"1,596"
"83 Miller Hill Drive, Lagrangeville, NY 12540",LISTING BY: RE/MAX CLASSIC REALTY,"$386,400",4,4,"3,772"
"25 Vernon Dr, Cheektowaga, NY 14225","MLS ID #B1526327, LISTING BY: GURNEY BECKER & BOURNE","$159,000",4,2,"1,401"
"100 Ridgeview Dr, East Rochester, NY 14445","MLS ID #R1525559, LISTING BY: KELLER WILLIAMS REALTY GREATER ROCHESTER","$174,900",3,1,"1,368"
"34 Partridge Walk, Lancaster, NY 14086","MLS ID #B1522382, LISTING BY: FLIPPED REALTY LLC","$289,900",3,2,"1,445"
"1070 Church Rd, Angola, NY 14006","MLS ID #R1526494, LISTING BY: KELLER WILLIAMS REALTY","$27,000",3,1,"1,200"
"1811 Riverview Dr, Endicott, NY 13760",LISTING BY: EXIT REALTY HOMEWARD BOUND,"$250,000",4,3,"2,100"
"2056 Spruce St, North Collins, NY 14111","MLS ID #B1526407, LISTING BY: DANAHY REAL ESTATE","$155,000",2,2,"1,764"
"7 Rhonda Lane, Farmingdale, NY 11735",LISTING BY: COLDWELL BANKER AMERICAN HOMES,"$599,500",3,2,--
"79 Woodward Ave, Kenmore, NY 14217","MLS ID #B1526427, LISTING BY: BUFFALO HOME SELLERS LLC","$209,900",3,2,"1,596"
"83 Miller Hill Drive, Lagrangeville, NY 12540",LISTING BY: RE/MAX CLASSIC REALTY,"$386,400",4,4,"3,772"
"25 Vernon Dr, Cheektowaga, NY 14225","MLS ID #B1526327, LISTING BY: GURNEY BECKER & BOURNE","$159,000",4,2,"1,401"
"100 Ridgeview Dr, East Rochester, NY 14445","MLS ID #R1525559, LISTING BY: KELLER WILLIAMS REALTY GREATER ROCHESTER","$174,900",3,1,"1,368"
"132 Highbridge Road, West Coxsackie, NY 12192",LISTING BY: GABLER REALTY LLC,"$360,000",3,2,"2,080"
"79 Lanning Rd, Honeoye Falls, NY 14472","MLS ID #R1522878, LISTING BY: MITCHELL PIERSON, JR., INC.","$485,000",4,3,"3,014"
"41 Bell Ln, Freeville, NY 13068","MLS ID #S1520882, LISTING BY: YAMAN REAL ESTATE","$69,000",2,2,"1,200"
"211 Black Walnut Dr, Rochester, NY 14615","MLS ID #R1525331, LISTING BY: TRU AGENT REAL ESTATE","$219,900",4,2,"2,088"
"112 Bright Autumn Ln, Rochester, NY 14626","MLS ID #R1525201, LISTING BY: SHARON QUATAERT REALTY","$225,000",3,2,"1,640"
"2292 1st St, Grand Island, NY 14072","MLS ID #B1526476, LISTING BY: KELLER WILLIAMS REALTY WNY","$324,900",4,2,"1,798"
"20 Hildreth Place, Yonkers, NY 10704",LISTING BY: HOULIHAN LAWRENCE INC.,"$659,000",4,3,"2,300"
"166 W Main St, Stamford, NY 12167","MLS ID #R1526157, LISTING BY: CHARLOTTEVILLE REALTY","$175,000",4,2,"1,912"
"23 Dorwood Drive, Loudonville, NY 12211",LISTING BY: KELLER WILLIAMS CAPITAL DIST,"$330,000",4,2,"1,869"
"20 Dumont St, Rochester, NY 14617","MLS ID #R1526162, LISTING BY: KELLER WILLIAMS REALTY GREATER ROCHESTER","$235,000",4,2,"1,628"
"79 Lanning Rd, Honeoye Falls, NY 14472","MLS ID #R1522878, LISTING BY: MITCHELL PIERSON, JR., INC.","$485,000",4,3,"3,014"
"41 Bell Ln, Freeville, NY 13068","MLS ID #S1520882, LISTING BY: YAMAN REAL ESTATE","$69,000",2,2,"1,200"
"211 Black Walnut Dr, Rochester, NY 14615","MLS ID #R1525331, LISTING BY: TRU AGENT REAL ESTATE","$219,900",4,2,"2,088"
"112 Bright Autumn Ln, Rochester, NY 14626","MLS ID #R1525201, LISTING BY: SHARON QUATAERT REALTY","$225,000",3,2,"1,640"
"2292 1st St, Grand Island, NY 14072","MLS ID #B1526476, LISTING BY: KELLER WILLIAMS REALTY WNY","$324,900",4,2,"1,798"
"20 Hildreth Place, Yonkers, NY 10704",LISTING BY: HOULIHAN LAWRENCE INC.,"$659,000",4,3,"2,300"
"166 W Main St, Stamford, NY 12167","MLS ID #R1526157, LISTING BY: CHARLOTTEVILLE REALTY","$175,000",4,2,"1,912"
"23 Dorwood Drive, Loudonville, NY 12211",LISTING BY: KELLER WILLIAMS CAPITAL DIST,"$330,000",4,2,"1,869"
"20 Dumont St, Rochester, NY 14617","MLS ID #R1526162, LISTING BY: KELLER WILLIAMS REALTY GREATER ROCHESTER","$235,000",4,2,"1,628"
"50 Emery Hill Road, Cortlandt Manor, NY 10567",LISTING BY: COLDWELL BANKER REALTY,"$475,000",4,2,"1,544"
"447 Dodge Rd, Frewsburg, NY 14738","MLS ID #R1526230, LISTING BY: ERA TEAM VP REAL ESTATE","$239,900",3,2,"1,534"
"114 Dari Drive UNIT 114, Holbrook, NY 11741",LISTING BY: HOWARD HANNA COACH,"$350,000",3,3,--
"434 French Rd, Rochester, NY 14618","MLS ID #R1526178, LISTING BY: RE/MAX REALTY GROUP","$319,900",4,2,"2,072"
"17 Timber Ridge Drive, Huntington, NY 11743",LISTING BY: CHARLES RUTENBERG REALTY INC,"$1,825,000",6,8,"6,700"
"21 Pennsylvania Avenue, Hempstead, NY 11550",LISTING BY: WINZONE REALTY INC,"$629,000",3,2,"1,650"
"7433 Bear Ridge Rd, North Tonawanda, NY 14120","MLS ID #B1525468, LISTING BY: HOWARD HANNA WNY INC.","$169,888",2,2,"1,052"
"19 Mertensia Ln, Henrietta, NY 14467","MLS ID #R1525477, LISTING BY: HOWARD HANNA","$229,000",3,2,"1,572"
"6438 Engel Dr, Hamburg, NY 14075","MLS ID #B1526521, LISTING BY: HUNT REAL ESTATE ERA","$269,000",4,2,"2,092"
"1448 Water Cress Dr, Webster, NY 14580","MLS ID #R1525614, LISTING BY: RE/MAX REALTY GROUP","$389,900",4,3,"2,154"
"447 Dodge Rd, Frewsburg, NY 14738","MLS ID #R1526230, LISTING BY: ERA TEAM VP REAL ESTATE","$239,900",3,2,"1,534"
"114 Dari Drive UNIT 114, Holbrook, NY 11741",LISTING BY: HOWARD HANNA COACH,"$350,000",3,3,--
"434 French Rd, Rochester, NY 14618","MLS ID #R1526178, LISTING BY: RE/MAX REALTY GROUP","$319,900",4,2,"2,072"
"17 Timber Ridge Drive, Huntington, NY 11743",LISTING BY: CHARLES RUTENBERG REALTY INC,"$1,825,000",6,8,"6,700"
"21 Pennsylvania Avenue, Hempstead, NY 11550",LISTING BY: WINZONE REALTY INC,"$629,000",3,2,"1,650"
"7433 Bear Ridge Rd, North Tonawanda, NY 14120","MLS ID #B1525468, LISTING BY: HOWARD HANNA WNY INC.","$169,888",2,2,"1,052"
"19 Mertensia Ln, Henrietta, NY 14467","MLS ID #R1525477, LISTING BY: HOWARD HANNA","$229,000",3,2,"1,572"
"6438 Engel Dr, Hamburg, NY 14075","MLS ID #B1526521, LISTING BY: HUNT REAL ESTATE ERA","$269,000",4,2,"2,092"
"1448 Water Cress Dr, Webster, NY 14580","MLS ID #R1525614, LISTING BY: RE/MAX REALTY GROUP","$389,900",4,3,"2,154"
"100 W 57th St UNIT 4JK, Manhattan, NY 10019",LISTING BY: PERGOLOTTI REALTY,"$360,000",3,3,"2,200"
"535 Stewart Avenue, New Hyde Park, NY 11040",LISTING BY: COMPASS GREATER NY LLC,"$599,000",3,2,"1,017"
"2033 Earl Drive, Merrick, NY 11566",LISTING BY: KELLER WILLIAMS REALTY GREATER,"$899,999",5,3,"2,414"
"14 Hardie Rd, Conklin, NY 13748",LISTING BY: WARREN REAL ESTATE (VESTAL),"$204,900",3,3,"2,420"
"759 40th St APT 2R, Brooklyn, NY 11232",LISTING BY: REVIVED RESIDENTIAL,"$435,000",2,1,703
"1-3 Crestview Dr, Plattsburgh, NY 12901",LISTING BY: RIDGELINE REALTY GROUP,"$259,900",3,3,"2,051"
"6255 Italy Valley Rd, Naples, NY 14512","MLS ID #R1526474, LISTING BY: EXP REALTY, LLC","$120,000",1,1,861
"99 Pinehurst Avenue, Albany, NY 12203",LISTING BY: COLDWELL BANKER PRIME PROP.,"$289,900",3,2,"1,430"
"2073 Ellis Creek Rd, Waverly, NY 14892",LISTING BY: WHITETAIL PROPERTIES REAL ESTATE LLC (NY),"$209,900",28.87 acres lot,,
"177 Band Camp Road, Saugerties, NY 12477",LISTING BY: COLDWELL BANKER VILLAGE GREEN,"$649,000",3,2,"2,148"
"535 Stewart Avenue, New Hyde Park, NY 11040",LISTING BY: COMPASS GREATER NY LLC,"$599,000",3,2,"1,017"
"2033 Earl Drive, Merrick, NY 11566",LISTING BY: KELLER WILLIAMS REALTY GREATER,"$899,999",5,3,"2,414"
"14 Hardie Rd, Conklin, NY 13748",LISTING BY: WARREN REAL ESTATE (VESTAL),"$204,900",3,3,"2,420"
"759 40th St APT 2R, Brooklyn, NY 11232",LISTING BY: REVIVED RESIDENTIAL,"$435,000",2,1,703
"1-3 Crestview Dr, Plattsburgh, NY 12901",LISTING BY: RIDGELINE REALTY GROUP,"$259,900",3,3,"2,051"
"6255 Italy Valley Rd, Naples, NY 14512","MLS ID #R1526474, LISTING BY: EXP REALTY, LLC","$120,000",1,1,861
"99 Pinehurst Avenue, Albany, NY 12203",LISTING BY: COLDWELL BANKER PRIME PROP.,"$289,900",3,2,"1,430"
"2073 Ellis Creek Rd, Waverly, NY 14892",LISTING BY: WHITETAIL PROPERTIES REAL ESTATE LLC (NY),"$209,900",28.87 acres lot,,
"177 Band Camp Road, Saugerties, NY 12477",LISTING BY: COLDWELL BANKER VILLAGE GREEN,"$649,000",3,2,"2,148"
"307 N Michigan Avenue, Massapequa, NY 11758",LISTING BY: MIGRATE REALTY LLC,"$699,000",4,3,--
"11 Equestrian Acres Lane, Brewster, NY 10509",LISTING BY: COLDWELL BANKER REALTY,"$525,000",3,3,"2,636"
"2 Town House Place UNIT 2D, Great Neck, NY 11021",LISTING BY: FILO REAL ESTATE GROUP LLC,"$249,000",1,1,725
"4 Creekview Drive, Thiells, NY 10984",LISTING BY: VERCOLES REALTY INC.,"$719,000",4,3,"2,080"
"39 Stony Road, Lake Huntington, NY 12752",LISTING BY: NEXLVL REAL ESTATE INC.,"$299,900",3,2,"1,456"
"126 Thorncliff Rd, Buffalo, NY 14223","MLS ID #B1525757, LISTING BY: HUNT REAL ESTATE ERA","$240,000",2,2,"1,098"
"5711 Salt Rd, Clarence, NY 14031","MLS ID #B1524494, LISTING BY: CENTURY 21 NORTH EAST","$424,900",4,3,"2,352"
"20 Primrose Lane, Castleton On Hudson, NY 12033",LISTING BY: KELLER WILLIAMS CAPITAL DIST,"$542,900",3,3,"2,109"
"12 Monroe Avenue, Albany, NY 12203",LISTING BY: SARATOGA REAL ESTATE ASSOC LLC,"$135,000",3,1,"1,239"
"40 Geyser Road, Saratoga Springs, NY 12866","LISTING BY: JULIE & CO REALTY, LLC","$16,000,000",7,9,"6,218"
"11 Equestrian Acres Lane, Brewster, NY 10509",LISTING BY: COLDWELL BANKER REALTY,"$525,000",3,3,"2,636"
"2 Town House Place UNIT 2D, Great Neck, NY 11021",LISTING BY: FILO REAL ESTATE GROUP LLC,"$249,000",1,1,725
"4 Creekview Drive, Thiells, NY 10984",LISTING BY: VERCOLES REALTY INC.,"$719,000",4,3,"2,080"
"39 Stony Road, Lake Huntington, NY 12752",LISTING BY: NEXLVL REAL ESTATE INC.,"$299,900",3,2,"1,456"
"126 Thorncliff Rd, Buffalo, NY 14223","MLS ID #B1525757, LISTING BY: HUNT REAL ESTATE ERA","$240,000",2,2,"1,098"
"5711 Salt Rd, Clarence, NY 14031","MLS ID #B1524494, LISTING BY: CENTURY 21 NORTH EAST","$424,900",4,3,"2,352"
"20 Primrose Lane, Castleton On Hudson, NY 12033",LISTING BY: KELLER WILLIAMS CAPITAL DIST,"$542,900",3,3,"2,109"
"12 Monroe Avenue, Albany, NY 12203",LISTING BY: SARATOGA REAL ESTATE ASSOC LLC,"$135,000",3,1,"1,239"
"40 Geyser Road, Saratoga Springs, NY 12866","LISTING BY: JULIE & CO REALTY, LLC","$16,000,000",7,9,"6,218"
"19 Laura Road, Monroe, NY 10950",LISTING BY: RE/MAX BENCHMARK REALTY GROUP,"$475,000",4,3,"2,334"
"3200 Valley Dr, Walworth, NY 14568","MLS ID #R1525621, LISTING BY: BLUE ARROW REAL ESTATE","$549,900",4,3,"2,594"
"195 Taghkanic Road, Elizaville, NY 12523",LISTING BY: EXP REALTY,"$332,000",3,1,"1,360"
"12440 Tonawanda Creek Rd, Akron, NY 14001","MLS ID #B1526683, LISTING BY: EXIT TURNING KEY REALTY","$389,900",3,3,"2,015"
"14 Orange Tree UNIT 14, Manorville, NY 11949",LISTING BY: EXP REALTY,"$189,999",2,2,"1,239"
"4810 Cornish Heights Pkwy, Syracuse, NY 13215","MLS ID #S1523790, LISTING BY: HUNT REAL ESTATE ERA","$525,000",4,3,"2,908"
"618 Viewland Drive, Yorktown Heights, NY 10598","LISTING BY: COMPASS GREATER NY, LLC","$799,900",4,3,"2,938"
"127 S Terry Rd, Syracuse, NY 13219","MLS ID #S1526367, LISTING BY: HOWARD HANNA REAL ESTATE","$239,900",3,2,"1,535"
"8 Garnsey Road, Rexford, NY 12148",LISTING BY: ROMEO TEAM REALTY,"$450,000",3,2,"1,810"
"1484 Hardscrabble Rd, Roxbury, NY 12474","MLS ID #R1526616, LISTING BY: KELLER WILLIAMS UPSTATE NY PROPERTIES","$325,000",4,1,"2,516"
"3200 Valley Dr, Walworth, NY 14568","MLS ID #R1525621, LISTING BY: BLUE ARROW REAL ESTATE","$549,900",4,3,"2,594"
"195 Taghkanic Road, Elizaville, NY 12523",LISTING BY: EXP REALTY,"$332,000",3,1,"1,360"
"12440 Tonawanda Creek Rd, Akron, NY 14001","MLS ID #B1526683, LISTING BY: EXIT TURNING KEY REALTY","$389,900",3,3,"2,015"
"14 Orange Tree UNIT 14, Manorville, NY 11949",LISTING BY: EXP REALTY,"$189,999",2,2,"1,239"
"4810 Cornish Heights Pkwy, Syracuse, NY 13215","MLS ID #S1523790, LISTING BY: HUNT REAL ESTATE ERA","$525,000",4,3,"2,908"
"618 Viewland Drive, Yorktown Heights, NY 10598","LISTING BY: COMPASS GREATER NY, LLC","$799,900",4,3,"2,938"
"127 S Terry Rd, Syracuse, NY 13219","MLS ID #S1526367, LISTING BY: HOWARD HANNA REAL ESTATE","$239,900",3,2,"1,535"
"8 Garnsey Road, Rexford, NY 12148",LISTING BY: ROMEO TEAM REALTY,"$450,000",3,2,"1,810"
"1484 Hardscrabble Rd, Roxbury, NY 12474","MLS ID #R1526616, LISTING BY: KELLER WILLIAMS UPSTATE NY PROPERTIES","$325,000",4,1,"2,516"
"32 Fox Dr, Phoenix, NY 13135","MLS ID #S1525557, LISTING BY: ACROPOLIS REALTY GROUP LLC","$425,000",2,2,"1,500"
"396 Scarsdale Road, Tuckahoe, NY 10707",LISTING BY: HOULIHAN & O'MALLEY R. E. SERV,"$775,000",3,3,"1,798"
"75 W Hartsdale Avenue UNIT 15, Hartsdale, NY 10530",LISTING BY: JULIA B FEE SOTHEBYS INT. RLTY,"$795,000",2,3,"2,400"
"74 Elsmere Avenue, Delmar, NY 12054",LISTING BY: MCSHARRY & ASSOC. REALTY LLC,"$399,900",5,3,"2,178"
"19 Huxley Lane, Ronkonkoma, NY 11779",LISTING BY: KELLER WILLIAMS POINTS NORTH,"$539,000",4,2,"1,625"
"1086 Halstead Rd, Cortland, NY 13045","MLS ID #S1526657, LISTING BY: BERKSHIRE HATHAWAY HOMESERVICES HERITAGE REALTY","$269,900",3,2,"1,738"
"5 Douglas Place, Eastchester, NY 10709",LISTING BY: HOULIHAN LAWRENCE INC.,"$779,000",2,2,"2,003"
"59 Viscount Dr, Rochester, NY 14623","MLS ID #R1522735, LISTING BY: RE/MAX REALTY GROUP","$199,900",3,2,"1,087"
"69 E Main St, Cuba, NY 14727","MLS ID #R1526715, LISTING BY: PREMIER LISTINGS REAL ESTATE","$134,900",3,2,"2,017"
"10 Woodside Avenue, Port Jefferson, NY 11777",LISTING BY: REALTY CONNECT USA L I INC,"$550,000",4,2,"2,000"
"396 Scarsdale Road, Tuckahoe, NY 10707",LISTING BY: HOULIHAN & O'MALLEY R. E. SERV,"$775,000",3,3,"1,798"
"75 W Hartsdale Avenue UNIT 15, Hartsdale, NY 10530",LISTING BY: JULIA B FEE SOTHEBYS INT. RLTY,"$795,000",2,3,"2,400"
"74 Elsmere Avenue, Delmar, NY 12054",LISTING BY: MCSHARRY & ASSOC. REALTY LLC,"$399,900",5,3,"2,178"
"19 Huxley Lane, Ronkonkoma, NY 11779",LISTING BY: KELLER WILLIAMS POINTS NORTH,"$539,000",4,2,"1,625"
"1086 Halstead Rd, Cortland, NY 13045","MLS ID #S1526657, LISTING BY: BERKSHIRE HATHAWAY HOMESERVICES HERITAGE REALTY","$269,900",3,2,"1,738"
"5 Douglas Place, Eastchester, NY 10709",LISTING BY: HOULIHAN LAWRENCE INC.,"$779,000",2,2,"2,003"
"59 Viscount Dr, Rochester, NY 14623","MLS ID #R1522735, LISTING BY: RE/MAX REALTY GROUP","$199,900",3,2,"1,087"
"69 E Main St, Cuba, NY 14727","MLS ID #R1526715, LISTING BY: PREMIER LISTINGS REAL ESTATE","$134,900",3,2,"2,017"
"10 Woodside Avenue, Port Jefferson, NY 11777",LISTING BY: REALTY CONNECT USA L I INC,"$550,000",4,2,"2,000"
"177 Benedict Rd, Staten Island, NY 10304",LISTING BY: CONNIE PROFACI REALTY,"$16,800,000",8,17,"33,000"
"9963 Gulf Rd, Painted Post, NY 14870",LISTING BY: WARREN REAL ESTATE. Listing provided by ECMLS,"$45,000",3,2,"1,792"
"3974 Maplewood Drive, Seaford, NY 11783",LISTING BY: RE/MAX RELIANCE,"$549,000",4,1,"1,101"
"466 Dingens St, Cheektowaga, NY 14206","MLS ID #B1525956, LISTING BY: RE/MAX ON POINT","$174,900",3,1,"1,248"
"2318 Pond Road, Ronkonkoma, NY 11779",LISTING BY: SIGNATURE PREMIER PROPERTIES,"$489,000",3,1,"1,400"
"16 Hickory Hill Rd, Windham, NY 12496","LISTING BY: SHAW COUNTRY REALTY, INC.","$699,000",3,2,"2,250"
"28 Byron Street, Bethpage, NY 11714",LISTING BY: COMPASS GREATER NY LLC,"$599,000",4,3,--
"3866 Franklin Avenue, Seaford, NY 11783",LISTING BY: KELLER WILLIAMS REALTY ELITE,"$639,000",3,1,--
"142 Garth Road UNIT 2Q, Scarsdale, NY 10583",LISTING BY: MARY JANE PASTOR REALTY,"$119,900",--,1,500
"327 Westfield Rd N, Amherst, NY 14226","MLS ID #B1525469, LISTING BY: MJ PETERSON REAL ESTATE","$209,000",2,1,"1,320"
"9963 Gulf Rd, Painted Post, NY 14870",LISTING BY: WARREN REAL ESTATE. Listing provided by ECMLS,"$45,000",3,2,"1,792"
"3974 Maplewood Drive, Seaford, NY 11783",LISTING BY: RE/MAX RELIANCE,"$549,000",4,1,"1,101"
"466 Dingens St, Cheektowaga, NY 14206","MLS ID #B1525956, LISTING BY: RE/MAX ON POINT","$174,900",3,1,"1,248"
"2318 Pond Road, Ronkonkoma, NY 11779",LISTING BY: SIGNATURE PREMIER PROPERTIES,"$489,000",3,1,"1,400"
"16 Hickory Hill Rd, Windham, NY 12496","LISTING BY: SHAW COUNTRY REALTY, INC.","$699,000",3,2,"2,250"
"28 Byron Street, Bethpage, NY 11714",LISTING BY: COMPASS GREATER NY LLC,"$599,000",4,3,--
"3866 Franklin Avenue, Seaford, NY 11783",LISTING BY: KELLER WILLIAMS REALTY ELITE,"$639,000",3,1,--
"142 Garth Road UNIT 2Q, Scarsdale, NY 10583",LISTING BY: MARY JANE PASTOR REALTY,"$119,900",--,1,500
"327 Westfield Rd N, Amherst, NY 14226","MLS ID #B1525469, LISTING BY: MJ PETERSON REAL ESTATE","$209,000",2,1,"1,320"
"334 Beattie Road, Rock Tavern, NY 12575",LISTING BY: RE/MAX TOWN & COUNTRY,"$675,000",4,3,"2,731"
"40 Marvelle Rd, Fayetteville, NY 13066","MLS ID #S1526699, LISTING BY: BERKSHIRE HATHAWAY CNY REALTY","$750,000",5,4,"3,300"
"492 Knoll Court, Seaford, NY 11783",LISTING BY: COLDWELL BANKER AMERICAN HOMES,"$849,500",4,3,--
"52 Lee Ave, Endwell, NY 13760",LISTING BY: HOWARD HANNA,"$155,000",3,2,"1,688"
"131-36 132nd Street, South Ozone Park, NY 11420",LISTING BY: AFFORDABLE REALTY CORP,"$350,000",3,2,--
"10 Bryant Pond Road, Putnam Valley, NY 10579",LISTING BY: KELLER WILLIAMS REALTY PARTNER,"$399,000",3,2,"1,218"
"5626 Newhouse Rd, East Amherst, NY 14051","MLS ID #B1524889, LISTING BY: HOWARD HANNA WNY INC.","$199,900",3,1,960
"19 Ava Drive, Syosset, NY 11791",LISTING BY: COMPASS GREATER NY LLC,"$929,999",4,3,"1,791"
"119 Catherine Street, East Northport, NY 11731",LISTING BY: DOUGLAS ELLIMAN REAL ESTATE,"$675,000",4,3,--
"1101 Clute Crest Drive, Niskayuna, NY 12309",LISTING BY: RENOVO REAL ESTATE,"$575,000",5,4,"3,019"
"40 Marvelle Rd, Fayetteville, NY 13066","MLS ID #S1526699, LISTING BY: BERKSHIRE HATHAWAY CNY REALTY","$750,000",5,4,"3,300"
"492 Knoll Court, Seaford, NY 11783",LISTING BY: COLDWELL BANKER AMERICAN HOMES,"$849,500",4,3,--
"52 Lee Ave, Endwell, NY 13760",LISTING BY: HOWARD HANNA,"$155,000",3,2,"1,688"
"131-36 132nd Street, South Ozone Park, NY 11420",LISTING BY: AFFORDABLE REALTY CORP,"$350,000",3,2,--
"10 Bryant Pond Road, Putnam Valley, NY 10579",LISTING BY: KELLER WILLIAMS REALTY PARTNER,"$399,000",3,2,"1,218"
"5626 Newhouse Rd, East Amherst, NY 14051","MLS ID #B1524889, LISTING BY: HOWARD HANNA WNY INC.","$199,900",3,1,960
"19 Ava Drive, Syosset, NY 11791",LISTING BY: COMPASS GREATER NY LLC,"$929,999",4,3,"1,791"
"119 Catherine Street, East Northport, NY 11731",LISTING BY: DOUGLAS ELLIMAN REAL ESTATE,"$675,000",4,3,--
"1101 Clute Crest Drive, Niskayuna, NY 12309",LISTING BY: RENOVO REAL ESTATE,"$575,000",5,4,"3,019"
"3184 Court Street, Yorktown Heights, NY 10598",LISTING BY: MARY JANE PASTOR REALTY,"$650,000",3,2,"1,598"
"468 Richmond Road, East Meadow, NY 11554",LISTING BY: KELLER WILLIAMS RLTY LANDMARK,"$775,000",3,3,"1,692"
"28 Jefferson Avenue, Massapequa Park, NY 11762",LISTING BY: EXIT REALTY ALL PRO,"$599,316",4,2,"1,379"
"233 W Windsor Parkway, Oceanside, NY 11572",LISTING BY: ISLAND ADVANTAGE REALTY LLC,"$599,900",4,2,"1,470"
"1852 Tomlinson Avenue, Bronx, NY 10461",LISTING BY: KELLER WILLIAMS NY REALTY,"$599,000",3,2,"1,440"
"356 Auborn Avenue, Shirley, NY 11967",LISTING BY: EXIT REALTY LIBERTY,"$449,000",3,2,"1,745"
"45 Manitou Woods, Garrison, NY 10524",LISTING BY: HOULIHAN LAWRENCE INC.,"$3,375,000",3,5,"2,861"
"31 Raymond Place, Yonkers, NY 10704",LISTING BY: JULIA B FEE SOTHEBYS INT. RLTY,"$775,000",4,2,"1,754"
"10 Old Post Rd, Fairport, NY 14450","MLS ID #R1525266, LISTING BY: RE/MAX REALTY GROUP","$275,000",4,2,"1,750"
"27 Croton Avenue, Tarrytown, NY 10591",LISTING BY: COLDWELL BANKER REALTY,"$765,000",3,2,"1,560"
"468 Richmond Road, East Meadow, NY 11554",LISTING BY: KELLER WILLIAMS RLTY LANDMARK,"$775,000",3,3,"1,692"
"28 Jefferson Avenue, Massapequa Park, NY 11762",LISTING BY: EXIT REALTY ALL PRO,"$599,316",4,2,"1,379"
"233 W Windsor Parkway, Oceanside, NY 11572",LISTING BY: ISLAND ADVANTAGE REALTY LLC,"$599,900",4,2,"1,470"
"1852 Tomlinson Avenue, Bronx, NY 10461",LISTING BY: KELLER WILLIAMS NY REALTY,"$599,000",3,2,"1,440"
"356 Auborn Avenue, Shirley, NY 11967",LISTING BY: EXIT REALTY LIBERTY,"$449,000",3,2,"1,745"
"45 Manitou Woods, Garrison, NY 10524",LISTING BY: HOULIHAN LAWRENCE INC.,"$3,375,000",3,5,"2,861"
"31 Raymond Place, Yonkers, NY 10704",LISTING BY: JULIA B FEE SOTHEBYS INT. RLTY,"$775,000",4,2,"1,754"
"10 Old Post Rd, Fairport, NY 14450","MLS ID #R1525266, LISTING BY: RE/MAX REALTY GROUP","$275,000",4,2,"1,750"
"27 Croton Avenue, Tarrytown, NY 10591",LISTING BY: COLDWELL BANKER REALTY,"$765,000",3,2,"1,560"
"31 Astor Court, Commack, NY 11725",LISTING BY: COMPASS GREATER NY LLC,"$599,000",4,1,--
"150 Burbank Dr, Amherst, NY 14226","MLS ID #B1526607, LISTING BY: HUNT REAL ESTATE ERA","$375,000",3,3,"1,533"
"2405 Checkered Tavern Rd, Appleton, NY 14008","MLS ID #B1526781, LISTING BY: KELLER WILLIAMS REALTY WNY","$199,900",6,3,"1,368"
"273 Wilmington Ave, Tonawanda, NY 14150","MLS ID #B1526518, LISTING BY: HOWARD HANNA WNY INC.","$239,900",2,2,"1,309"
"4659 McKinley Pkwy, Hamburg, NY 14075","MLS ID #B1521179, LISTING BY: 716 REALTY GROUP WNY LLC","$289,499",3,2,"1,620"
"2306 Penatiquit Avenue, Seaford, NY 11783",LISTING BY: STEPHEN JOSEPH PROPERTIES,"$598,000",3,2,--
"1146 Glen Cove Avenue, Roslyn Harbor, NY 11548",LISTING BY: BERKSHIRE HATHAWAY,"$780,000",3,2,--
"3666 Route 9, Peru, NY 12972",LISTING BY: KAVANAUGH REALTY-PLATTSBURGH,"$624,900",--,--,"21,670"
"94 Sackman St, Brooklyn, NY 11233",LISTING BY: KELLER WILLIAMS NYC,"$1,320,000",5,4,--
"54 Spring Road, Glenville, NY 12302","LISTING BY: MIRANDA REAL ESTATE GROUP, INC","$325,000",5,2,"1,964"
"150 Burbank Dr, Amherst, NY 14226","MLS ID #B1526607, LISTING BY: HUNT REAL ESTATE ERA","$375,000",3,3,"1,533"
"2405 Checkered Tavern Rd, Appleton, NY 14008","MLS ID #B1526781, LISTING BY: KELLER WILLIAMS REALTY WNY","$199,900",6,3,"1,368"
"273 Wilmington Ave, Tonawanda, NY 14150","MLS ID #B1526518, LISTING BY: HOWARD HANNA WNY INC.","$239,900",2,2,"1,309"
"4659 McKinley Pkwy, Hamburg, NY 14075","MLS ID #B1521179, LISTING BY: 716 REALTY GROUP WNY LLC","$289,499",3,2,"1,620"
"2306 Penatiquit Avenue, Seaford, NY 11783",LISTING BY: STEPHEN JOSEPH PROPERTIES,"$598,000",3,2,--
"1146 Glen Cove Avenue, Roslyn Harbor, NY 11548",LISTING BY: BERKSHIRE HATHAWAY,"$780,000",3,2,--
"3666 Route 9, Peru, NY 12972",LISTING BY: KAVANAUGH REALTY-PLATTSBURGH,"$624,900",--,--,"21,670"
"94 Sackman St, Brooklyn, NY 11233",LISTING BY: KELLER WILLIAMS NYC,"$1,320,000",5,4,--
"54 Spring Road, Glenville, NY 12302","LISTING BY: MIRANDA REAL ESTATE GROUP, INC","$325,000",5,2,"1,964"
"26 Dorothy Drive, Syosset, NY 11791",LISTING BY: DOUGLAS ELLIMAN REAL ESTATE,"$1,399,000",5,3,--
"31 Branglebrink Road, Saint James, NY 11780",LISTING BY: COMPASS GREATER NY LLC,"$1,899,000",5,6,"4,600"
"36 Trumet Ln, Levittown, NY 11756",LISTING BY: APOLLO POINT REALTY LLC,"$399,000",4,1,"1,314"
"53 Woodcock Road, Monroe, NY 10950",LISTING BY: BHHS HUDSON VALLEY PROPERTIES,"$925,000",4,4,"4,000"
"922 Howard Avenue, Mamaroneck, NY 10543",LISTING BY: RE/MAX PRIME PROPERTIES,"$725,000",3,3,"1,872"
"393 N Rockingham Way, Amherst, NY 14228","MLS ID #B1525694, LISTING BY: SUPERLATIVE REAL ESTATE, INC.","$859,900",4,5,"3,285"
"126 Mckinstry Road, Gardiner, NY 12525",LISTING BY: EXP REALTY,"$639,000",4,4,"2,895"
"4441 Southwood Heights Dr, Jamesville, NY 13078","MLS ID #S1525553, LISTING BY: ACROPOLIS REALTY GROUP LLC","$499,900",4,4,"2,284"
"391 Hidley Road, Wynantskill, NY 12198",LISTING BY: KELLER WILLIAMS CAPITAL DIST,"$329,900",4,2,"1,862"
"1 Sunset Dr, Avon, NY 14414","MLS ID #R1525209, LISTING BY: KELLER WILLIAMS REALTY GREATER ROCHESTER","$199,900",3,2,"1,350"
"31 Branglebrink Road, Saint James, NY 11780",LISTING BY: COMPASS GREATER NY LLC,"$1,899,000",5,6,"4,600"
"36 Trumet Ln, Levittown, NY 11756",LISTING BY: APOLLO POINT REALTY LLC,"$399,000",4,1,"1,314"
"53 Woodcock Road, Monroe, NY 10950",LISTING BY: BHHS HUDSON VALLEY PROPERTIES,"$925,000",4,4,"4,000"
"922 Howard Avenue, Mamaroneck, NY 10543",LISTING BY: RE/MAX PRIME PROPERTIES,"$725,000",3,3,"1,872"
"393 N Rockingham Way, Amherst, NY 14228","MLS ID #B1525694, LISTING BY: SUPERLATIVE REAL ESTATE, INC.","$859,900",4,5,"3,285"
"126 Mckinstry Road, Gardiner, NY 12525",LISTING BY: EXP REALTY,"$639,000",4,4,"2,895"
"4441 Southwood Heights Dr, Jamesville, NY 13078","MLS ID #S1525553, LISTING BY: ACROPOLIS REALTY GROUP LLC","$499,900",4,4,"2,284"
"391 Hidley Road, Wynantskill, NY 12198",LISTING BY: KELLER WILLIAMS CAPITAL DIST,"$329,900",4,2,"1,862"
"1 Sunset Dr, Avon, NY 14414","MLS ID #R1525209, LISTING BY: KELLER WILLIAMS REALTY GREATER ROCHESTER","$199,900",3,2,"1,350"
"218-40 94th Road, Queens Village, NY 11428",LISTING BY: KELLER WILLIAMS LEGENDARY,"$675,000",5,3,--
"17 Summit Avenue, Central Valley, NY 10917",LISTING BY: MASTER REALTY GROUP INC.,"$650,000",7,3,"2,479"
"7 Schuyler Court, Clifton Park, NY 12065",LISTING BY: NY ICON GROUP LLC,"$259,900",3,3,"1,480"
"49 Main St, Schenevus, NY 12155","MLS ID #R1514973, LISTING BY: COLDWELL BANKER TIMBERLAND PROPERTIES","$239,000",4,3,"3,724"
"17 Lenox Avenue, Mount Vernon, NY 10552",LISTING BY: YOURHOMESOLD GUARANTEED REALTY,"$879,000",4,2,"2,300"
"56 Twin Lane N. Lane, Wantagh, NY 11793",LISTING BY: SIGNATURE PREMIER PROPERTIES,"$625,000",4,1,"1,257"
"45 Leopold Avenue, West Islip, NY 11795",LISTING BY: ED RYAN REAL ESTATE GROUP,"$839,000",6,4,"2,800"
"44 Holland Drive, West Hurley, NY 12491","LISTING BY: LAKE & MOUNTAIN REALTY, LLC","$465,000",3,2,"1,485"
"62 Woodycrest Drive, Farmingville, NY 11738",LISTING BY: ALIANO REAL ESTATE,"$499,000",3,2,--
"759 Carlton Road, Clifton Park, NY 12065",LISTING BY: STERLING REAL ESTATE GROUP,"$588,400",3,2,"1,675"
"17 Summit Avenue, Central Valley, NY 10917",LISTING BY: MASTER REALTY GROUP INC.,"$650,000",7,3,"2,479"
"7 Schuyler Court, Clifton Park, NY 12065",LISTING BY: NY ICON GROUP LLC,"$259,900",3,3,"1,480"
"49 Main St, Schenevus, NY 12155","MLS ID #R1514973, LISTING BY: COLDWELL BANKER TIMBERLAND PROPERTIES","$239,000",4,3,"3,724"
"17 Lenox Avenue, Mount Vernon, NY 10552",LISTING BY: YOURHOMESOLD GUARANTEED REALTY,"$879,000",4,2,"2,300"
"56 Twin Lane N. Lane, Wantagh, NY 11793",LISTING BY: SIGNATURE PREMIER PROPERTIES,"$625,000",4,1,"1,257"
"45 Leopold Avenue, West Islip, NY 11795",LISTING BY: ED RYAN REAL ESTATE GROUP,"$839,000",6,4,"2,800"
"44 Holland Drive, West Hurley, NY 12491","LISTING BY: LAKE & MOUNTAIN REALTY, LLC","$465,000",3,2,"1,485"
"62 Woodycrest Drive, Farmingville, NY 11738",LISTING BY: ALIANO REAL ESTATE,"$499,000",3,2,--
"759 Carlton Road, Clifton Park, NY 12065",LISTING BY: STERLING REAL ESTATE GROUP,"$588,400",3,2,"1,675"
"96 Martin Road, Pleasant Valley, NY 12569",LISTING BY: KELLER WILLIAMS REALTY,"$325,000",3,2,"1,795"
"505 Grassmere Terrace, Far Rockaway, NY 11691",LISTING BY: RE/MAX RELIANCE,"$799,000",4,3,"2,100"
"1501 St Hwy 17A, Warwick, NY 10990",LISTING BY: RE/MAX TOWN & COUNTRY,"$525,000",2,3,"1,940"
"60 Twining Rd, Johnson City, NY 13790",LISTING BY: WARREN REAL ESTATE (FRONT STREET),"$349,000",2,2,"1,944"
"730 E 232 Street UNIT 3H, Bronx, NY 10466",LISTING BY: COLDWELL BANKER AMERICAN HOMES,"$130,000",1,1,756
"3732 Main St, Burdett, NY 14818",LISTING BY: SMART FOCUS REALTY. Listing provided by ECMLS,"$450,000",5,3,"3,155"
"27 Brooks Pl, Baldwinsville, NY 13027","MLS ID #S1524896, LISTING BY: HOWARD HANNA REAL ESTATE","$184,900",3,1,"1,125"
"19 W Elm St, Peru, NY 12972",LISTING BY: CENTURY 21 THE ONE,"$235,995",3,2,"2,064"
"28 Pinewood Priv Lane, Hadley, NY 12835",LISTING BY: THOMAS J REAL ESTATE INC,"$189,000",3,2,950
"10430 164th Pl, Jamaica, NY 11433",LISTING BY: SOWAE CORP,"$185,000",3,1,"1,130"
"505 Grassmere Terrace, Far Rockaway, NY 11691",LISTING BY: RE/MAX RELIANCE,"$799,000",4,3,"2,100"
"1501 St Hwy 17A, Warwick, NY 10990",LISTING BY: RE/MAX TOWN & COUNTRY,"$525,000",2,3,"1,940"
"60 Twining Rd, Johnson City, NY 13790",LISTING BY: WARREN REAL ESTATE (FRONT STREET),"$349,000",2,2,"1,944"
"730 E 232 Street UNIT 3H, Bronx, NY 10466",LISTING BY: COLDWELL BANKER AMERICAN HOMES,"$130,000",1,1,756
"3732 Main St, Burdett, NY 14818",LISTING BY: SMART FOCUS REALTY. Listing provided by ECMLS,"$450,000",5,3,"3,155"
"27 Brooks Pl, Baldwinsville, NY 13027","MLS ID #S1524896, LISTING BY: HOWARD HANNA REAL ESTATE","$184,900",3,1,"1,125"
"19 W Elm St, Peru, NY 12972",LISTING BY: CENTURY 21 THE ONE,"$235,995",3,2,"2,064"
"28 Pinewood Priv Lane, Hadley, NY 12835",LISTING BY: THOMAS J REAL ESTATE INC,"$189,000",3,2,950
"10430 164th Pl, Jamaica, NY 11433",LISTING BY: SOWAE CORP,"$185,000",3,1,"1,130"
"14 Sylvia Road, Plainview, NY 11803",LISTING BY: DOUGLAS ELLIMAN REAL ESTATE,"$788,000",3,2,--
"2642 Columbus Avenue, North Bellmore, NY 11710",LISTING BY: DOUGLAS ELLIMAN REAL ESTATE,"$789,000",4,2,"1,789"
"79 California Avenue, Hempstead, NY 11550",LISTING BY: YOUR NY PROPS LLC,"$523,000",4,3,--
"7588 Akron Rd, Lockport, NY 14094","MLS ID #B1524048, LISTING BY: BERKSHIRE HATHAWAY HOMESERVICES ZAMBITO REALTORS","$84,900",4,2,"1,528"
"58 Joanne Drive, Holbrook, NY 11741",LISTING BY: DEANS R E & MOVING HOMES LLC,"$599,900",4,2,"1,812"
"25 Walnut Street, White Plains, NY 10607","LISTING BY: COMPASS GREATER NY, LLC","$650,000",3,2,"1,764"
"246 Broadway, Pleasantville, NY 10570",LISTING BY: WILLIAM RAVEIS REAL ESTATE,"$1,049,000",4,3,"2,552"
"(undisclosed Address), Lawrence, NY 11559",LISTING BY: BERKSHIRE HATHAWAY,"$7,995,000",5,6,"5,000"
"175 Angle Rd, Buffalo, NY 14224","MLS ID #B1524084, LISTING BY: MJ PETERSON REAL ESTATE","$369,000",4,2,"1,870"
"708 Amsterdam Avenue, East Patchogue, NY 11772",LISTING BY: EXIT REALTY EDGE,"$474,987",3,2,--
"2642 Columbus Avenue, North Bellmore, NY 11710",LISTING BY: DOUGLAS ELLIMAN REAL ESTATE,"$789,000",4,2,"1,789"
"79 California Avenue, Hempstead, NY 11550",LISTING BY: YOUR NY PROPS LLC,"$523,000",4,3,--
"7588 Akron Rd, Lockport, NY 14094","MLS ID #B1524048, LISTING BY: BERKSHIRE HATHAWAY HOMESERVICES ZAMBITO REALTORS","$84,900",4,2,"1,528"
"58 Joanne Drive, Holbrook, NY 11741",LISTING BY: DEANS R E & MOVING HOMES LLC,"$599,900",4,2,"1,812"
"25 Walnut Street, White Plains, NY 10607","LISTING BY: COMPASS GREATER NY, LLC","$650,000",3,2,"1,764"
"246 Broadway, Pleasantville, NY 10570",LISTING BY: WILLIAM RAVEIS REAL ESTATE,"$1,049,000",4,3,"2,552"
"(undisclosed Address), Lawrence, NY 11559",LISTING BY: BERKSHIRE HATHAWAY,"$7,995,000",5,6,"5,000"
"175 Angle Rd, Buffalo, NY 14224","MLS ID #B1524084, LISTING BY: MJ PETERSON REAL ESTATE","$369,000",4,2,"1,870"
"708 Amsterdam Avenue, East Patchogue, NY 11772",LISTING BY: EXIT REALTY EDGE,"$474,987",3,2,--
"237 Kendall Pl, Elmira, NY 14901",LISTING BY: SIGNATURE PROPERTIES. Listing provided by ECMLS,"$105,000",2,1,"1,468"
"1470 9th Street, West Babylon, NY 11704",LISTING BY: CENTURY 21 ADAMS REAL ESTATE,"$699,000",5,4,"2,300"
"56 Woodglen Drive, New City, NY 10956",LISTING BY: COLDWELL BANKER REALTY,"$674,900",4,3,"2,012"
"8 Stonywell Court, Hampton Bays, NY 11946",LISTING BY: COLDWELL BANKER RELIABLE R E,"$1,150,000",4,2,"1,608"
"160-14 26th Avenue, Flushing, NY 11358",LISTING BY: RE/MAX 1ST CHOICE,"$998,000",3,3,--
"41 Maple Hill Road, Huntington, NY 11743",LISTING BY: SIGNATURE PREMIER PROPERTIES,"$899,000",3,2,--
"489 Foley Rd, Windsor, NY 13865",LISTING BY: EXIT REALTY HOMEWARD BOUND,"$100,000",3,1,936
"248 Cottonwood Dr, Williamsville, NY 14221","MLS ID #B1526615, LISTING BY: HOWARD HANNA WNY INC.","$399,000",4,2,"1,913"
"23 Alpine Street, Port Jefferson Station, NY 11776",LISTING BY: EXIT REALTY ISLAND ELITE,"$550,000",4,3,--
"108 Cora Ave, North Syracuse, NY 13212","MLS ID #S1526353, LISTING BY: KIRNAN REAL ESTATE","$249,900",4,2,"1,924"
"1470 9th Street, West Babylon, NY 11704",LISTING BY: CENTURY 21 ADAMS REAL ESTATE,"$699,000",5,4,"2,300"
"56 Woodglen Drive, New City, NY 10956",LISTING BY: COLDWELL BANKER REALTY,"$674,900",4,3,"2,012"
"8 Stonywell Court, Hampton Bays, NY 11946",LISTING BY: COLDWELL BANKER RELIABLE R E,"$1,150,000",4,2,"1,608"
"160-14 26th Avenue, Flushing, NY 11358",LISTING BY: RE/MAX 1ST CHOICE,"$998,000",3,3,--
"41 Maple Hill Road, Huntington, NY 11743",LISTING BY: SIGNATURE PREMIER PROPERTIES,"$899,000",3,2,--
"489 Foley Rd, Windsor, NY 13865",LISTING BY: EXIT REALTY HOMEWARD BOUND,"$100,000",3,1,936
"248 Cottonwood Dr, Williamsville, NY 14221","MLS ID #B1526615, LISTING BY: HOWARD HANNA WNY INC.","$399,000",4,2,"1,913"
"23 Alpine Street, Port Jefferson Station, NY 11776",LISTING BY: EXIT REALTY ISLAND ELITE,"$550,000",4,3,--
"108 Cora Ave, North Syracuse, NY 13212","MLS ID #S1526353, LISTING BY: KIRNAN REAL ESTATE","$249,900",4,2,"1,924"
"304 Sheridan Avenue, Other, NY 11208",LISTING BY: WW REALTY GROUP INC,"$1,245,000",--,--,"2,340"
"9 Salem Road, Pound Ridge, NY 10576",LISTING BY: HOULIHAN LAWRENCE INC.,"$965,000",3,3,"2,284"
"20 Blackberry Hill Road, Katonah, NY 10536","LISTING BY: COMPASS GREATER NY, LLC","$1,500,000",5,4,"5,634"
"7278 Windsor Rd, Ellicottville, NY 14731","MLS ID #B1526222, LISTING BY: RE/MAX ON POINT","$399,900",3,2,"1,356"
"35 Terrace Drive Ext., Lake Luzerne, NY 12846",LISTING BY: WELCH GROUP,"$649,000",3,3,"2,892"
"1275 Champion, Elbridge, NY 13060","MLS ID #S1526654, LISTING BY: ENLIGHTEN REALTY INC.","$89,900",3,2,"1,749"
"1033 St Jude Drive, Rotterdam, NY 12303",LISTING BY: COLDWELL BANKER PRIME PROP.,"$249,900",4,2,"1,436"
"395 N Village Avenue, Rockville Centre, NY 11570",LISTING BY: NOVUS REALTY GROUP INC,"$1,999,999",4,4,"3,387"
"306 Sheridan Avenue, Other, NY 11208",LISTING BY: WW REALTY GROUP INC,"$1,150,000",--,--,"2,652"
"1678 Schoellkopf Rd, Lake View, NY 14085","MLS ID #B1525291, LISTING BY: KELLER WILLIAMS REALTY LANCASTER","$199,900",3,1,"1,254"
"9 Salem Road, Pound Ridge, NY 10576",LISTING BY: HOULIHAN LAWRENCE INC.,"$965,000",3,3,"2,284"
"20 Blackberry Hill Road, Katonah, NY 10536","LISTING BY: COMPASS GREATER NY, LLC","$1,500,000",5,4,"5,634"
"7278 Windsor Rd, Ellicottville, NY 14731","MLS ID #B1526222, LISTING BY: RE/MAX ON POINT","$399,900",3,2,"1,356"
"35 Terrace Drive Ext., Lake Luzerne, NY 12846",LISTING BY: WELCH GROUP,"$649,000",3,3,"2,892"
"1275 Champion, Elbridge, NY 13060","MLS ID #S1526654, LISTING BY: ENLIGHTEN REALTY INC.","$89,900",3,2,"1,749"
"1033 St Jude Drive, Rotterdam, NY 12303",LISTING BY: COLDWELL BANKER PRIME PROP.,"$249,900",4,2,"1,436"
"395 N Village Avenue, Rockville Centre, NY 11570",LISTING BY: NOVUS REALTY GROUP INC,"$1,999,999",4,4,"3,387"
"306 Sheridan Avenue, Other, NY 11208",LISTING BY: WW REALTY GROUP INC,"$1,150,000",--,--,"2,652"
"1678 Schoellkopf Rd, Lake View, NY 14085","MLS ID #B1525291, LISTING BY: KELLER WILLIAMS REALTY LANCASTER","$199,900",3,1,"1,254"
"16 Overlook, Yorktown Heights, NY 10598",LISTING BY: KELLER WILLIAMS REALTY PARTNER,"$275,000",1,1,800
"35 Sweetbriar Drive, Smithtown, NY 11787",LISTING BY: SIGNATURE PREMIER PROPERTIES,"$528,000",3,2,--
"237 Philip Schuyler Road, Cobleskill, NY 12043",LISTING BY: HOWARD HANNA,"$315,000",3,2,"1,958"
"904 Parkway E, Utica, NY 13501","MLS ID #S1526891, LISTING BY: ASSIST2SELL BUYERS & SELLERS 1ST CHOICE","$449,900",3,3,"2,395"
"65 Green Street, Hudson, NY 12534","LISTING BY: COMPASS GREATER NY, LLC","$515,000",4,2,"1,700"
"43 Queen Street, Whitehall, NY 12887",LISTING BY: NY & VT REAL ESTATE COMPANY LL,"$194,500",3,2,"1,948"
"26 Apricot Road, Rocky Point, NY 11778",LISTING BY: SIGNATURE PREMIER PROPERTIES,"$389,000",3,1,--
"24005 147th Ave, Rosedale, NY 11422",LISTING BY: SOWAE CORP,"$250,000",4,2,"2,304"
"11 Clearwater Road, Highland, NY 12528","LISTING BY: COMPASS GREATER NY, LLC","$850,000",3,3,"3,257"
"30 Redbud Ct, East Amherst, NY 14051","MLS ID #B1526275, LISTING BY: HOWARD HANNA WNY INC","$249,900",4,3,"2,520"
"4 Wilderness Road, Nissequogue, NY 11780",LISTING BY: DANIEL GALE SOTHEBYS INTL RLTY,"$1,399,000",6,4,"4,800"
"15 Kirkwood Dr, Glen Cove, NY 11542",LISTING BY: SOWAE CORP,"$240,000",4,2,"2,462"
"101 Chestnut Heights Dr, Liverpool, NY 13088","MLS ID #S1526709, LISTING BY: INTEGRATED REAL ESTATE SER LLC","$280,000",4,3,"1,868"
"466 Colebrook Road, Gansevoort, NY 12831",LISTING BY: WEICHERT REALTORS-RELIABLE PROPERTIES,"$329,000",3,3,"1,658"
"409 North Ave, Penn Yan, NY 14527","MLS ID #R1526980, LISTING BY: WINE TRAIL PROPERTIES, LLC","$275,000",3,2,"1,560"
"95 W Maplemere Rd, Williamsville, NY 14221","MLS ID #B1525134, LISTING BY: MURCHIE REAL ESTATE, LLC","$499,900",4,3,"2,776"
"20 Fall Meadow Dr, Pittsford, NY 14534","MLS ID #R1526660, LISTING BY: KELLER WILLIAMS REALTY GREATER ROCHESTER","$715,000",5,5,"3,334"
"44 Pine Ridge Ter, Buffalo, NY 14225","MLS ID #B1525868, LISTING BY: WNY METRO ROBERTS REALTY","$199,900",4,3,"1,976"
"53 Geddes St, Holley, NY 14470","MLS ID #R1525894, LISTING BY: HOWARD HANNA","$119,900",3,2,"1,944"
"290 Toleman Road, Washingtonville, NY 10992",LISTING BY: BIAGINI REALTY,"$999,900",3,4,"3,205"
"43 Edward Ln, Spencerport, NY 14559","MLS ID #R1526939, LISTING BY: SIRIANNI REALTY LLC","$189,900",3,2,"2,112"
"49 Hilltop Dr, Springville, NY 14141","MLS ID #B1526728, LISTING BY: HOWARD HANNA WNY INC.","$425,000",4,3,"3,236"
"317 Salt Springs Rd, Syracuse, NY 13224","MLS ID #S1525886, LISTING BY: NEXTHOME CNY REALTY","$222,000",4,2,"2,638"
"26 Stratford Road, White Plains, NY 10603",LISTING BY: GRAND LUX REALTY BENCHMARK INC,"$735,000",4,4,"2,500"
"106 Elk St, Syracuse, NY 13205","MLS ID #S1525882, LISTING BY: HUNT REAL ESTATE ERA","$184,900",5,3,"1,920"
"128 N School St, Carthage, NY 13619","MLS ID #S1526419, LISTING BY: NORTH STAR REAL ESTATE & PROPERTY MANAGEMENT","$199,000",6,2,"3,010"
"11 Fran Road, Goshen, NY 10924",LISTING BY: KELLER WILLIAMS HUDSON VALLEY,"$549,000",4,3,"2,706"
"1458 Middle Road, Calverton, NY 11933",LISTING BY: SIGNATURE PREMIER PROPERTIES,"$1,350,000",3,1,"1,541"
"7663 Easton St, Lowville, NY 13367","MLS ID #S1526978, LISTING BY: HOMES REALTY OF NORTHERN NEW YORK","$339,000",5,2,"2,242"
"109 Ferndale Rd, Syracuse, NY 13219","MLS ID #S1526064, LISTING BY: HOWARD HANNA REAL ESTATE","$264,900",4,3,"1,339"
"17 Oak Avenue, Highland Falls, NY 10928",LISTING BY: RE/MAX CLASSIC REALTY,"$424,900",4,2,"1,792"
"1573 Chili Ave, Rochester, NY 14624","MLS ID #R1525409, LISTING BY: RE/MAX PLUS","$127,500",3,2,"1,328"
"345 Brown Settlement Road, Livingston Manor, NY 12758",LISTING BY: RM FARM REAL ESTATE,"$725,000",2,2,684
"77 Oakland Avenue, Gloversville, NY 12078",LISTING BY: COLDWELL BANKER PRIME PROP,"$279,900",4,3,"3,200"
"15 N Emerson Avenue, Copiague, NY 11726",LISTING BY: FAIRWAY HOMES INC,"$529,999",4,2,"1,842"
"4788 N Y   Route  81, Greenville, NY 12083",LISTING BY: ALBANY SHAKER REAL ESTATE,"$169,000",3,3,"1,071"
"137 Waverly St, Buffalo, NY 14208","MLS ID #B1526897, LISTING BY: HOWARD HANNA WNY INC.","$189,000",3,1,"1,300"
"241-6 137th Ave, Rosedale, NY 11422",LISTING BY: SOWAE CORP,"$250,000",4,2,"1,676"
"110 Main St, Sharon Springs, NY 13459",LISTING BY: EULER RICHARD R,"$79,000",4,2,"2,456"
"48 Chapin St, Canandaigua, NY 14424","MLS ID #R1520395, LISTING BY: KELLER WILLIAMS REALTY GATEWAY","$189,900",4,2,"1,968"
"163 Church Hill Road, Kingston, NY 12401",LISTING BY: RIVER REALTY SERVICES INC.,"$249,000",3,3,"6,198"
"2119 Maiden Ln, Rochester, NY 14626","MLS ID #R1526035, LISTING BY: RE/MAX REALTY GROUP","$179,900",4,2,"1,668"
"35 Sweetbriar Drive, Smithtown, NY 11787",LISTING BY: SIGNATURE PREMIER PROPERTIES,"$528,000",3,2,--
"237 Philip Schuyler Road, Cobleskill, NY 12043",LISTING BY: HOWARD HANNA,"$315,000",3,2,"1,958"
"904 Parkway E, Utica, NY 13501","MLS ID #S1526891, LISTING BY: ASSIST2SELL BUYERS & SELLERS 1ST CHOICE","$449,900",3,3,"2,395"
"65 Green Street, Hudson, NY 12534","LISTING BY: COMPASS GREATER NY, LLC","$515,000",4,2,"1,700"
"43 Queen Street, Whitehall, NY 12887",LISTING BY: NY & VT REAL ESTATE COMPANY LL,"$194,500",3,2,"1,948"
"26 Apricot Road, Rocky Point, NY 11778",LISTING BY: SIGNATURE PREMIER PROPERTIES,"$389,000",3,1,--
"24005 147th Ave, Rosedale, NY 11422",LISTING BY: SOWAE CORP,"$250,000",4,2,"2,304"
"11 Clearwater Road, Highland, NY 12528","LISTING BY: COMPASS GREATER NY, LLC","$850,000",3,3,"3,257"
"30 Redbud Ct, East Amherst, NY 14051","MLS ID #B1526275, LISTING BY: HOWARD HANNA WNY INC","$249,900",4,3,"2,520"
"4 Wilderness Road, Nissequogue, NY 11780",LISTING BY: DANIEL GALE SOTHEBYS INTL RLTY,"$1,399,000",6,4,"4,800"
"15 Kirkwood Dr, Glen Cove, NY 11542",LISTING BY: SOWAE CORP,"$240,000",4,2,"2,462"
"101 Chestnut Heights Dr, Liverpool, NY 13088","MLS ID #S1526709, LISTING BY: INTEGRATED REAL ESTATE SER LLC","$280,000",4,3,"1,868"
"466 Colebrook Road, Gansevoort, NY 12831",LISTING BY: WEICHERT REALTORS-RELIABLE PROPERTIES,"$329,000",3,3,"1,658"
"409 North Ave, Penn Yan, NY 14527","MLS ID #R1526980, LISTING BY: WINE TRAIL PROPERTIES, LLC","$275,000",3,2,"1,560"
"95 W Maplemere Rd, Williamsville, NY 14221","MLS ID #B1525134, LISTING BY: MURCHIE REAL ESTATE, LLC","$499,900",4,3,"2,776"
"20 Fall Meadow Dr, Pittsford, NY 14534","MLS ID #R1526660, LISTING BY: KELLER WILLIAMS REALTY GREATER ROCHESTER","$715,000",5,5,"3,334"
"44 Pine Ridge Ter, Buffalo, NY 14225","MLS ID #B1525868, LISTING BY: WNY METRO ROBERTS REALTY","$199,900",4,3,"1,976"
"53 Geddes St, Holley, NY 14470","MLS ID #R1525894, LISTING BY: HOWARD HANNA","$119,900",3,2,"1,944"
"290 Toleman Road, Washingtonville, NY 10992",LISTING BY: BIAGINI REALTY,"$999,900",3,4,"3,205"
"43 Edward Ln, Spencerport, NY 14559","MLS ID #R1526939, LISTING BY: SIRIANNI REALTY LLC","$189,900",3,2,"2,112"
"49 Hilltop Dr, Springville, NY 14141","MLS ID #B1526728, LISTING BY: HOWARD HANNA WNY INC.","$425,000",4,3,"3,236"
"317 Salt Springs Rd, Syracuse, NY 13224","MLS ID #S1525886, LISTING BY: NEXTHOME CNY REALTY","$222,000",4,2,"2,638"
"26 Stratford Road, White Plains, NY 10603",LISTING BY: GRAND LUX REALTY BENCHMARK INC,"$735,000",4,4,"2,500"
"106 Elk St, Syracuse, NY 13205","MLS ID #S1525882, LISTING BY: HUNT REAL ESTATE ERA","$184,900",5,3,"1,920"
"128 N School St, Carthage, NY 13619","MLS ID #S1526419, LISTING BY: NORTH STAR REAL ESTATE & PROPERTY MANAGEMENT","$199,000",6,2,"3,010"
"11 Fran Road, Goshen, NY 10924",LISTING BY: KELLER WILLIAMS HUDSON VALLEY,"$549,000",4,3,"2,706"
"1458 Middle Road, Calverton, NY 11933",LISTING BY: SIGNATURE PREMIER PROPERTIES,"$1,350,000",3,1,"1,541"
"7663 Easton St, Lowville, NY 13367","MLS ID #S1526978, LISTING BY: HOMES REALTY OF NORTHERN NEW YORK","$339,000",5,2,"2,242"
"109 Ferndale Rd, Syracuse, NY 13219","MLS ID #S1526064, LISTING BY: HOWARD HANNA REAL ESTATE","$264,900",4,3,"1,339"
"17 Oak Avenue, Highland Falls, NY 10928",LISTING BY: RE/MAX CLASSIC REALTY,"$424,900",4,2,"1,792"
"1573 Chili Ave, Rochester, NY 14624","MLS ID #R1525409, LISTING BY: RE/MAX PLUS","$127,500",3,2,"1,328"
"345 Brown Settlement Road, Livingston Manor, NY 12758",LISTING BY: RM FARM REAL ESTATE,"$725,000",2,2,684
"77 Oakland Avenue, Gloversville, NY 12078",LISTING BY: COLDWELL BANKER PRIME PROP,"$279,900",4,3,"3,200"
"15 N Emerson Avenue, Copiague, NY 11726",LISTING BY: FAIRWAY HOMES INC,"$529,999",4,2,"1,842"
"4788 N Y   Route  81, Greenville, NY 12083",LISTING BY: ALBANY SHAKER REAL ESTATE,"$169,000",3,3,"1,071"
"137 Waverly St, Buffalo, NY 14208","MLS ID #B1526897, LISTING BY: HOWARD HANNA WNY INC.","$189,000",3,1,"1,300"
"241-6 137th Ave, Rosedale, NY 11422",LISTING BY: SOWAE CORP,"$250,000",4,2,"1,676"
"110 Main St, Sharon Springs, NY 13459",LISTING BY: EULER RICHARD R,"$79,000",4,2,"2,456"
"48 Chapin St, Canandaigua, NY 14424","MLS ID #R1520395, LISTING BY: KELLER WILLIAMS REALTY GATEWAY","$189,900",4,2,"1,968"
"163 Church Hill Road, Kingston, NY 12401",LISTING BY: RIVER REALTY SERVICES INC.,"$249,000",3,3,"6,198"
"2119 Maiden Ln, Rochester, NY 14626","MLS ID #R1526035, LISTING BY: RE/MAX REALTY GROUP","$179,900",4,2,"1,668"
"109 Glen Rd S, Rome, NY 13440","MLS ID #S1526969, LISTING BY: COLDWELL BANKER PRIME PROP. INC.","$169,900",3,1,"1,114"
"64 Miller Avenue, Amityville, NY 11701",LISTING BY: REALHOME SERVICES & SOLUTIONS,"$198,300",3,2,"1,500"
"7 Berwick Circle, Highland Mills, NY 10930",LISTING BY: KELLER WILLIAMS REALTY,"$674,000",3,3,"2,268"
"101 Manor Drive, Shirley, NY 11967",LISTING BY: SIGNATURE PREMIER PROPERTIES,"$450,000",3,2,--
"30 Luka Ln, Saugerties, NY 12477",LISTING BY: RVW SELECT PROPERTIES,"$499,900",3,3,"1,782"
"12 Joe Green Road, Fort Ann, NY 12827",LISTING BY: HUNT ERA,"$440,000",4,2,"1,590"
"4355 Ransom Rd, Clarence, NY 14031","MLS ID #B1525955, LISTING BY: HUNT REAL ESTATE ERA","$120,000",2,1,"1,587"
"30 Kibler Dr, Depew, NY 14043","MLS ID #B1526333, LISTING BY: KELLER WILLIAMS REALTY WNY","$259,900",3,2,"1,492"
"34 Jefferson Ave APT 2M, Brooklyn, NY 11238","LISTING BY: MICHAEL REED, LREB","$145,000",4,2,"1,120"
"109 Glen Rd S, Rome, NY 13440","MLS ID #S1526969, LISTING BY: COLDWELL BANKER PRIME PROP. INC.","$169,900",3,1,"1,114"
"64 Miller Avenue, Amityville, NY 11701",LISTING BY: REALHOME SERVICES & SOLUTIONS,"$198,300",3,2,"1,500"
"7 Berwick Circle, Highland Mills, NY 10930",LISTING BY: KELLER WILLIAMS REALTY,"$674,000",3,3,"2,268"
"101 Manor Drive, Shirley, NY 11967",LISTING BY: SIGNATURE PREMIER PROPERTIES,"$450,000",3,2,--
"30 Luka Ln, Saugerties, NY 12477",LISTING BY: RVW SELECT PROPERTIES,"$499,900",3,3,"1,782"
"12 Joe Green Road, Fort Ann, NY 12827",LISTING BY: HUNT ERA,"$440,000",4,2,"1,590"
"4355 Ransom Rd, Clarence, NY 14031","MLS ID #B1525955, LISTING BY: HUNT REAL ESTATE ERA","$120,000",2,1,"1,587"
"30 Kibler Dr, Depew, NY 14043","MLS ID #B1526333, LISTING BY: KELLER WILLIAMS REALTY WNY","$259,900",3,2,"1,492"
"34 Jefferson Ave APT 2M, Brooklyn, NY 11238","LISTING BY: MICHAEL REED, LREB","$145,000",4,2,"1,120"
"495 Main Avenue, Wynantskill, NY 12198",LISTING BY: VENTURE REALTY PARTNERS,"$374,900",4,3,"2,982"
"34 Partridge Walk, Lancaster, NY 14086","MLS ID #B1522382, LISTING BY: FLIPPED REALTY LLC","$289,900",3,2,"1,445"
"1070 Church Rd, Angola, NY 14006","MLS ID #R1526494, LISTING BY: KELLER WILLIAMS REALTY","$27,000",3,1,"1,200"
"1811 Riverview Dr, Endicott, NY 13760",LISTING BY: EXIT REALTY HOMEWARD BOUND,"$250,000",4,3,"2,100"
"2056 Spruce St, North Collins, NY 14111","MLS ID #B1526407, LISTING BY: DANAHY REAL ESTATE","$155,000",2,2,"1,764"
"7 Rhonda Lane, Farmingdale, NY 11735",LISTING BY: COLDWELL BANKER AMERICAN HOMES,"$599,500",3,2,--
"79 Woodward Ave, Kenmore, NY 14217","MLS ID #B1526427, LISTING BY: BUFFALO HOME SELLERS LLC","$209,900",3,2,"1,596"
"83 Miller Hill Drive, Lagrangeville, NY 12540",LISTING BY: RE/MAX CLASSIC REALTY,"$386,400",4,4,"3,772"
"25 Vernon Dr, Cheektowaga, NY 14225","MLS ID #B1526327, LISTING BY: GURNEY BECKER & BOURNE","$159,000",4,2,"1,401"
"100 Ridgeview Dr, East Rochester, NY 14445","MLS ID #R1525559, LISTING BY: KELLER WILLIAMS REALTY GREATER ROCHESTER","$174,900",3,1,"1,368"
"34 Partridge Walk, Lancaster, NY 14086","MLS ID #B1522382, LISTING BY: FLIPPED REALTY LLC","$289,900",3,2,"1,445"
"1070 Church Rd, Angola, NY 14006","MLS ID #R1526494, LISTING BY: KELLER WILLIAMS REALTY","$27,000",3,1,"1,200"
"1811 Riverview Dr, Endicott, NY 13760",LISTING BY: EXIT REALTY HOMEWARD BOUND,"$250,000",4,3,"2,100"
"2056 Spruce St, North Collins, NY 14111","MLS ID #B1526407, LISTING BY: DANAHY REAL ESTATE","$155,000",2,2,"1,764"
"7 Rhonda Lane, Farmingdale, NY 11735",LISTING BY: COLDWELL BANKER AMERICAN HOMES,"$599,500",3,2,--
"79 Woodward Ave, Kenmore, NY 14217","MLS ID #B1526427, LISTING BY: BUFFALO HOME SELLERS LLC","$209,900",3,2,"1,596"
"83 Miller Hill Drive, Lagrangeville, NY 12540",LISTING BY: RE/MAX CLASSIC REALTY,"$386,400",4,4,"3,772"
"25 Vernon Dr, Cheektowaga, NY 14225","MLS ID #B1526327, LISTING BY: GURNEY BECKER & BOURNE","$159,000",4,2,"1,401"
"100 Ridgeview Dr, East Rochester, NY 14445","MLS ID #R1525559, LISTING BY: KELLER WILLIAMS REALTY GREATER ROCHESTER","$174,900",3,1,"1,368"
"132 Highbridge Road, West Coxsackie, NY 12192",LISTING BY: GABLER REALTY LLC,"$360,000",3,2,"2,080"
"79 Lanning Rd, Honeoye Falls, NY 14472","MLS ID #R1522878, LISTING BY: MITCHELL PIERSON, JR., INC.","$485,000",4,3,"3,014"
"41 Bell Ln, Freeville, NY 13068","MLS ID #S1520882, LISTING BY: YAMAN REAL ESTATE","$69,000",2,2,"1,200"
"211 Black Walnut Dr, Rochester, NY 14615","MLS ID #R1525331, LISTING BY: TRU AGENT REAL ESTATE","$219,900",4,2,"2,088"
"112 Bright Autumn Ln, Rochester, NY 14626","MLS ID #R1525201, LISTING BY: SHARON QUATAERT REALTY","$225,000",3,2,"1,640"
"2292 1st St, Grand Island, NY 14072","MLS ID #B1526476, LISTING BY: KELLER WILLIAMS REALTY WNY","$324,900",4,2,"1,798"
"20 Hildreth Place, Yonkers, NY 10704",LISTING BY: HOULIHAN LAWRENCE INC.,"$659,000",4,3,"2,300"
"166 W Main St, Stamford, NY 12167","MLS ID #R1526157, LISTING BY: CHARLOTTEVILLE REALTY","$175,000",4,2,"1,912"
"23 Dorwood Drive, Loudonville, NY 12211",LISTING BY: KELLER WILLIAMS CAPITAL DIST,"$330,000",4,2,"1,869"
"20 Dumont St, Rochester, NY 14617","MLS ID #R1526162, LISTING BY: KELLER WILLIAMS REALTY GREATER ROCHESTER","$235,000",4,2,"1,628"
"79 Lanning Rd, Honeoye Falls, NY 14472","MLS ID #R1522878, LISTING BY: MITCHELL PIERSON, JR., INC.","$485,000",4,3,"3,014"
"41 Bell Ln, Freeville, NY 13068","MLS ID #S1520882, LISTING BY: YAMAN REAL ESTATE","$69,000",2,2,"1,200"
"211 Black Walnut Dr, Rochester, NY 14615","MLS ID #R1525331, LISTING BY: TRU AGENT REAL ESTATE","$219,900",4,2,"2,088"
"112 Bright Autumn Ln, Rochester, NY 14626","MLS ID #R1525201, LISTING BY: SHARON QUATAERT REALTY","$225,000",3,2,"1,640"
"2292 1st St, Grand Island, NY 14072","MLS ID #B1526476, LISTING BY: KELLER WILLIAMS REALTY WNY","$324,900",4,2,"1,798"
"20 Hildreth Place, Yonkers, NY 10704",LISTING BY: HOULIHAN LAWRENCE INC.,"$659,000",4,3,"2,300"
"166 W Main St, Stamford, NY 12167","MLS ID #R1526157, LISTING BY: CHARLOTTEVILLE REALTY","$175,000",4,2,"1,912"
"23 Dorwood Drive, Loudonville, NY 12211",LISTING BY: KELLER WILLIAMS CAPITAL DIST,"$330,000",4,2,"1,869"
"20 Dumont St, Rochester, NY 14617","MLS ID #R1526162, LISTING BY: KELLER WILLIAMS REALTY GREATER ROCHESTER","$235,000",4,2,"1,628"
"50 Emery Hill Road, Cortlandt Manor, NY 10567",LISTING BY: COLDWELL BANKER REALTY,"$475,000",4,2,"1,544"
"447 Dodge Rd, Frewsburg, NY 14738","MLS ID #R1526230, LISTING BY: ERA TEAM VP REAL ESTATE","$239,900",3,2,"1,534"
"114 Dari Drive UNIT 114, Holbrook, NY 11741",LISTING BY: HOWARD HANNA COACH,"$350,000",3,3,--
"434 French Rd, Rochester, NY 14618","MLS ID #R1526178, LISTING BY: RE/MAX REALTY GROUP","$319,900",4,2,"2,072"
"17 Timber Ridge Drive, Huntington, NY 11743",LISTING BY: CHARLES RUTENBERG REALTY INC,"$1,825,000",6,8,"6,700"
"21 Pennsylvania Avenue, Hempstead, NY 11550",LISTING BY: WINZONE REALTY INC,"$629,000",3,2,"1,650"
"7433 Bear Ridge Rd, North Tonawanda, NY 14120","MLS ID #B1525468, LISTING BY: HOWARD HANNA WNY INC.","$169,888",2,2,"1,052"
"19 Mertensia Ln, Henrietta, NY 14467","MLS ID #R1525477, LISTING BY: HOWARD HANNA","$229,000",3,2,"1,572"
"6438 Engel Dr, Hamburg, NY 14075","MLS ID #B1526521, LISTING BY: HUNT REAL ESTATE ERA","$269,000",4,2,"2,092"
"1448 Water Cress Dr, Webster, NY 14580","MLS ID #R1525614, LISTING BY: RE/MAX REALTY GROUP","$389,900",4,3,"2,154"
"447 Dodge Rd, Frewsburg, NY 14738","MLS ID #R1526230, LISTING BY: ERA TEAM VP REAL ESTATE","$239,900",3,2,"1,534"
"114 Dari Drive UNIT 114, Holbrook, NY 11741",LISTING BY: HOWARD HANNA COACH,"$350,000",3,3,--
"434 French Rd, Rochester, NY 14618","MLS ID #R1526178, LISTING BY: RE/MAX REALTY GROUP","$319,900",4,2,"2,072"
"17 Timber Ridge Drive, Huntington, NY 11743",LISTING BY: CHARLES RUTENBERG REALTY INC,"$1,825,000",6,8,"6,700"
"21 Pennsylvania Avenue, Hempstead, NY 11550",LISTING BY: WINZONE REALTY INC,"$629,000",3,2,"1,650"
"7433 Bear Ridge Rd, North Tonawanda, NY 14120","MLS ID #B1525468, LISTING BY: HOWARD HANNA WNY INC.","$169,888",2,2,"1,052"
"19 Mertensia Ln, Henrietta, NY 14467","MLS ID #R1525477, LISTING BY: HOWARD HANNA","$229,000",3,2,"1,572"
"6438 Engel Dr, Hamburg, NY 14075","MLS ID #B1526521, LISTING BY: HUNT REAL ESTATE ERA","$269,000",4,2,"2,092"
"1448 Water Cress Dr, Webster, NY 14580","MLS ID #R1525614, LISTING BY: RE/MAX REALTY GROUP","$389,900",4,3,"2,154"
"100 W 57th St UNIT 4JK, Manhattan, NY 10019",LISTING BY: PERGOLOTTI REALTY,"$360,000",3,3,"2,200"
"535 Stewart Avenue, New Hyde Park, NY 11040",LISTING BY: COMPASS GREATER NY LLC,"$599,000",3,2,"1,017"
"2033 Earl Drive, Merrick, NY 11566",LISTING BY: KELLER WILLIAMS REALTY GREATER,"$899,999",5,3,"2,414"
"14 Hardie Rd, Conklin, NY 13748",LISTING BY: WARREN REAL ESTATE (VESTAL),"$204,900",3,3,"2,420"
"759 40th St APT 2R, Brooklyn, NY 11232",LISTING BY: REVIVED RESIDENTIAL,"$435,000",2,1,703
"1-3 Crestview Dr, Plattsburgh, NY 12901",LISTING BY: RIDGELINE REALTY GROUP,"$259,900",3,3,"2,051"
"6255 Italy Valley Rd, Naples, NY 14512","MLS ID #R1526474, LISTING BY: EXP REALTY, LLC","$120,000",1,1,861
"99 Pinehurst Avenue, Albany, NY 12203",LISTING BY: COLDWELL BANKER PRIME PROP.,"$289,900",3,2,"1,430"
"2073 Ellis Creek Rd, Waverly, NY 14892",LISTING BY: WHITETAIL PROPERTIES REAL ESTATE LLC (NY),"$209,900",28.87 acres lot,,
"177 Band Camp Road, Saugerties, NY 12477",LISTING BY: COLDWELL BANKER VILLAGE GREEN,"$649,000",3,2,"2,148"
"535 Stewart Avenue, New Hyde Park, NY 11040",LISTING BY: COMPASS GREATER NY LLC,"$599,000",3,2,"1,017"
"2033 Earl Drive, Merrick, NY 11566",LISTING BY: KELLER WILLIAMS REALTY GREATER,"$899,999",5,3,"2,414"
"14 Hardie Rd, Conklin, NY 13748",LISTING BY: WARREN REAL ESTATE (VESTAL),"$204,900",3,3,"2,420"
"759 40th St APT 2R, Brooklyn, NY 11232",LISTING BY: REVIVED RESIDENTIAL,"$435,000",2,1,703
"1-3 Crestview Dr, Plattsburgh, NY 12901",LISTING BY: RIDGELINE REALTY GROUP,"$259,900",3,3,"2,051"
"6255 Italy Valley Rd, Naples, NY 14512","MLS ID #R1526474, LISTING BY: EXP REALTY, LLC","$120,000",1,1,861
"99 Pinehurst Avenue, Albany, NY 12203",LISTING BY: COLDWELL BANKER PRIME PROP.,"$289,900",3,2,"1,430"
"2073 Ellis Creek Rd, Waverly, NY 14892",LISTING BY: WHITETAIL PROPERTIES REAL ESTATE LLC (NY),"$209,900",28.87 acres lot,,
"177 Band Camp Road, Saugerties, NY 12477",LISTING BY: COLDWELL BANKER VILLAGE GREEN,"$649,000",3,2,"2,148"
"307 N Michigan Avenue, Massapequa, NY 11758",LISTING BY: MIGRATE REALTY LLC,"$699,000",4,3,--
"11 Equestrian Acres Lane, Brewster, NY 10509",LISTING BY: COLDWELL BANKER REALTY,"$525,000",3,3,"2,636"
"2 Town House Place UNIT 2D, Great Neck, NY 11021",LISTING BY: FILO REAL ESTATE GROUP LLC,"$249,000",1,1,725
"4 Creekview Drive, Thiells, NY 10984",LISTING BY: VERCOLES REALTY INC.,"$719,000",4,3,"2,080"
"39 Stony Road, Lake Huntington, NY 12752",LISTING BY: NEXLVL REAL ESTATE INC.,"$299,900",3,2,"1,456"
"126 Thorncliff Rd, Buffalo, NY 14223","MLS ID #B1525757, LISTING BY: HUNT REAL ESTATE ERA","$240,000",2,2,"1,098"
"5711 Salt Rd, Clarence, NY 14031","MLS ID #B1524494, LISTING BY: CENTURY 21 NORTH EAST","$424,900",4,3,"2,352"
"20 Primrose Lane, Castleton On Hudson, NY 12033",LISTING BY: KELLER WILLIAMS CAPITAL DIST,"$542,900",3,3,"2,109"
"12 Monroe Avenue, Albany, NY 12203",LISTING BY: SARATOGA REAL ESTATE ASSOC LLC,"$135,000",3,1,"1,239"
"40 Geyser Road, Saratoga Springs, NY 12866","LISTING BY: JULIE & CO REALTY, LLC","$16,000,000",7,9,"6,218"
"11 Equestrian Acres Lane, Brewster, NY 10509",LISTING BY: COLDWELL BANKER REALTY,"$525,000",3,3,"2,636"
"2 Town House Place UNIT 2D, Great Neck, NY 11021",LISTING BY: FILO REAL ESTATE GROUP LLC,"$249,000",1,1,725
"4 Creekview Drive, Thiells, NY 10984",LISTING BY: VERCOLES REALTY INC.,"$719,000",4,3,"2,080"
"39 Stony Road, Lake Huntington, NY 12752",LISTING BY: NEXLVL REAL ESTATE INC.,"$299,900",3,2,"1,456"
"126 Thorncliff Rd, Buffalo, NY 14223","MLS ID #B1525757, LISTING BY: HUNT REAL ESTATE ERA","$240,000",2,2,"1,098"
"5711 Salt Rd, Clarence, NY 14031","MLS ID #B1524494, LISTING BY: CENTURY 21 NORTH EAST","$424,900",4,3,"2,352"
"20 Primrose Lane, Castleton On Hudson, NY 12033",LISTING BY: KELLER WILLIAMS CAPITAL DIST,"$542,900",3,3,"2,109"
"12 Monroe Avenue, Albany, NY 12203",LISTING BY: SARATOGA REAL ESTATE ASSOC LLC,"$135,000",3,1,"1,239"
"40 Geyser Road, Saratoga Springs, NY 12866","LISTING BY: JULIE & CO REALTY, LLC","$16,000,000",7,9,"6,218"
"19 Laura Road, Monroe, NY 10950",LISTING BY: RE/MAX BENCHMARK REALTY GROUP,"$475,000",4,3,"2,334"
"3200 Valley Dr, Walworth, NY 14568","MLS ID #R1525621, LISTING BY: BLUE ARROW REAL ESTATE","$549,900",4,3,"2,594"
"195 Taghkanic Road, Elizaville, NY 12523",LISTING BY: EXP REALTY,"$332,000",3,1,"1,360"
"12440 Tonawanda Creek Rd, Akron, NY 14001","MLS ID #B1526683, LISTING BY: EXIT TURNING KEY REALTY","$389,900",3,3,"2,015"
"14 Orange Tree UNIT 14, Manorville, NY 11949",LISTING BY: EXP REALTY,"$189,999",2,2,"1,239"
"4810 Cornish Heights Pkwy, Syracuse, NY 13215","MLS ID #S1523790, LISTING BY: HUNT REAL ESTATE ERA","$525,000",4,3,"2,908"
"618 Viewland Drive, Yorktown Heights, NY 10598","LISTING BY: COMPASS GREATER NY, LLC","$799,900",4,3,"2,938"
"127 S Terry Rd, Syracuse, NY 13219","MLS ID #S1526367, LISTING BY: HOWARD HANNA REAL ESTATE","$239,900",3,2,"1,535"
"8 Garnsey Road, Rexford, NY 12148",LISTING BY: ROMEO TEAM REALTY,"$450,000",3,2,"1,810"
"1484 Hardscrabble Rd, Roxbury, NY 12474","MLS ID #R1526616, LISTING BY: KELLER WILLIAMS UPSTATE NY PROPERTIES","$325,000",4,1,"2,516"
"3200 Valley Dr, Walworth, NY 14568","MLS ID #R1525621, LISTING BY: BLUE ARROW REAL ESTATE","$549,900",4,3,"2,594"
"195 Taghkanic Road, Elizaville, NY 12523",LISTING BY: EXP REALTY,"$332,000",3,1,"1,360"
"12440 Tonawanda Creek Rd, Akron, NY 14001","MLS ID #B1526683, LISTING BY: EXIT TURNING KEY REALTY","$389,900",3,3,"2,015"
"14 Orange Tree UNIT 14, Manorville, NY 11949",LISTING BY: EXP REALTY,"$189,999",2,2,"1,239"
"4810 Cornish Heights Pkwy, Syracuse, NY 13215","MLS ID #S1523790, LISTING BY: HUNT REAL ESTATE ERA","$525,000",4,3,"2,908"
"618 Viewland Drive, Yorktown Heights, NY 10598","LISTING BY: COMPASS GREATER NY, LLC","$799,900",4,3,"2,938"
"127 S Terry Rd, Syracuse, NY 13219","MLS ID #S1526367, LISTING BY: HOWARD HANNA REAL ESTATE","$239,900",3,2,"1,535"
"8 Garnsey Road, Rexford, NY 12148",LISTING BY: ROMEO TEAM REALTY,"$450,000",3,2,"1,810"
"1484 Hardscrabble Rd, Roxbury, NY 12474","MLS ID #R1526616, LISTING BY: KELLER WILLIAMS UPSTATE NY PROPERTIES","$325,000",4,1,"2,516"
"32 Fox Dr, Phoenix, NY 13135","MLS ID #S1525557, LISTING BY: ACROPOLIS REALTY GROUP LLC","$425,000",2,2,"1,500"
"396 Scarsdale Road, Tuckahoe, NY 10707",LISTING BY: HOULIHAN & O'MALLEY R. E. SERV,"$775,000",3,3,"1,798"
"75 W Hartsdale Avenue UNIT 15, Hartsdale, NY 10530",LISTING BY: JULIA B FEE SOTHEBYS INT. RLTY,"$795,000",2,3,"2,400"
"74 Elsmere Avenue, Delmar, NY 12054",LISTING BY: MCSHARRY & ASSOC. REALTY LLC,"$399,900",5,3,"2,178"
"19 Huxley Lane, Ronkonkoma, NY 11779",LISTING BY: KELLER WILLIAMS POINTS NORTH,"$539,000",4,2,"1,625"
"1086 Halstead Rd, Cortland, NY 13045","MLS ID #S1526657, LISTING BY: BERKSHIRE HATHAWAY HOMESERVICES HERITAGE REALTY","$269,900",3,2,"1,738"
"5 Douglas Place, Eastchester, NY 10709",LISTING BY: HOULIHAN LAWRENCE INC.,"$779,000",2,2,"2,003"
"59 Viscount Dr, Rochester, NY 14623","MLS ID #R1522735, LISTING BY: RE/MAX REALTY GROUP","$199,900",3,2,"1,087"
"69 E Main St, Cuba, NY 14727","MLS ID #R1526715, LISTING BY: PREMIER LISTINGS REAL ESTATE","$134,900",3,2,"2,017"
"10 Woodside Avenue, Port Jefferson, NY 11777",LISTING BY: REALTY CONNECT USA L I INC,"$550,000",4,2,"2,000"
"396 Scarsdale Road, Tuckahoe, NY 10707",LISTING BY: HOULIHAN & O'MALLEY R. E. SERV,"$775,000",3,3,"1,798"
"75 W Hartsdale Avenue UNIT 15, Hartsdale, NY 10530",LISTING BY: JULIA B FEE SOTHEBYS INT. RLTY,"$795,000",2,3,"2,400"
"74 Elsmere Avenue, Delmar, NY 12054",LISTING BY: MCSHARRY & ASSOC. REALTY LLC,"$399,900",5,3,"2,178"
"19 Huxley Lane, Ronkonkoma, NY 11779",LISTING BY: KELLER WILLIAMS POINTS NORTH,"$539,000",4,2,"1,625"
"1086 Halstead Rd, Cortland, NY 13045","MLS ID #S1526657, LISTING BY: BERKSHIRE HATHAWAY HOMESERVICES HERITAGE REALTY","$269,900",3,2,"1,738"
"5 Douglas Place, Eastchester, NY 10709",LISTING BY: HOULIHAN LAWRENCE INC.,"$779,000",2,2,"2,003"
"59 Viscount Dr, Rochester, NY 14623","MLS ID #R1522735, LISTING BY: RE/MAX REALTY GROUP","$199,900",3,2,"1,087"
"69 E Main St, Cuba, NY 14727","MLS ID #R1526715, LISTING BY: PREMIER LISTINGS REAL ESTATE","$134,900",3,2,"2,017"
"10 Woodside Avenue, Port Jefferson, NY 11777",LISTING BY: REALTY CONNECT USA L I INC,"$550,000",4,2,"2,000"
"177 Benedict Rd, Staten Island, NY 10304",LISTING BY: CONNIE PROFACI REALTY,"$16,800,000",8,17,"33,000"
"9963 Gulf Rd, Painted Post, NY 14870",LISTING BY: WARREN REAL ESTATE. Listing provided by ECMLS,"$45,000",3,2,"1,792"
"3974 Maplewood Drive, Seaford, NY 11783",LISTING BY: RE/MAX RELIANCE,"$549,000",4,1,"1,101"
"466 Dingens St, Cheektowaga, NY 14206","MLS ID #B1525956, LISTING BY: RE/MAX ON POINT","$174,900",3,1,"1,248"
"2318 Pond Road, Ronkonkoma, NY 11779",LISTING BY: SIGNATURE PREMIER PROPERTIES,"$489,000",3,1,"1,400"
"16 Hickory Hill Rd, Windham, NY 12496","LISTING BY: SHAW COUNTRY REALTY, INC.","$699,000",3,2,"2,250"
"28 Byron Street, Bethpage, NY 11714",LISTING BY: COMPASS GREATER NY LLC,"$599,000",4,3,--
"3866 Franklin Avenue, Seaford, NY 11783",LISTING BY: KELLER WILLIAMS REALTY ELITE,"$639,000",3,1,--
"142 Garth Road UNIT 2Q, Scarsdale, NY 10583",LISTING BY: MARY JANE PASTOR REALTY,"$119,900",--,1,500
"327 Westfield Rd N, Amherst, NY 14226","MLS ID #B1525469, LISTING BY: MJ PETERSON REAL ESTATE","$209,000",2,1,"1,320"
"9963 Gulf Rd, Painted Post, NY 14870",LISTING BY: WARREN REAL ESTATE. Listing provided by ECMLS,"$45,000",3,2,"1,792"
"3974 Maplewood Drive, Seaford, NY 11783",LISTING BY: RE/MAX RELIANCE,"$549,000",4,1,"1,101"
"466 Dingens St, Cheektowaga, NY 14206","MLS ID #B1525956, LISTING BY: RE/MAX ON POINT","$174,900",3,1,"1,248"
"2318 Pond Road, Ronkonkoma, NY 11779",LISTING BY: SIGNATURE PREMIER PROPERTIES,"$489,000",3,1,"1,400"
"16 Hickory Hill Rd, Windham, NY 12496","LISTING BY: SHAW COUNTRY REALTY, INC.","$699,000",3,2,"2,250"
"28 Byron Street, Bethpage, NY 11714",LISTING BY: COMPASS GREATER NY LLC,"$599,000",4,3,--
"3866 Franklin Avenue, Seaford, NY 11783",LISTING BY: KELLER WILLIAMS REALTY ELITE,"$639,000",3,1,--
"142 Garth Road UNIT 2Q, Scarsdale, NY 10583",LISTING BY: MARY JANE PASTOR REALTY,"$119,900",--,1,500
"327 Westfield Rd N, Amherst, NY 14226","MLS ID #B1525469, LISTING BY: MJ PETERSON REAL ESTATE","$209,000",2,1,"1,320"
"334 Beattie Road, Rock Tavern, NY 12575",LISTING BY: RE/MAX TOWN & COUNTRY,"$675,000",4,3,"2,731"
"40 Marvelle Rd, Fayetteville, NY 13066","MLS ID #S1526699, LISTING BY: BERKSHIRE HATHAWAY CNY REALTY","$750,000",5,4,"3,300"
"492 Knoll Court, Seaford, NY 11783",LISTING BY: COLDWELL BANKER AMERICAN HOMES,"$849,500",4,3,--
"52 Lee Ave, Endwell, NY 13760",LISTING BY: HOWARD HANNA,"$155,000",3,2,"1,688"
"131-36 132nd Street, South Ozone Park, NY 11420",LISTING BY: AFFORDABLE REALTY CORP,"$350,000",3,2,--
"10 Bryant Pond Road, Putnam Valley, NY 10579",LISTING BY: KELLER WILLIAMS REALTY PARTNER,"$399,000",3,2,"1,218"
"5626 Newhouse Rd, East Amherst, NY 14051","MLS ID #B1524889, LISTING BY: HOWARD HANNA WNY INC.","$199,900",3,1,960
"19 Ava Drive, Syosset, NY 11791",LISTING BY: COMPASS GREATER NY LLC,"$929,999",4,3,"1,791"
"119 Catherine Street, East Northport, NY 11731",LISTING BY: DOUGLAS ELLIMAN REAL ESTATE,"$675,000",4,3,--
"1101 Clute Crest Drive, Niskayuna, NY 12309",LISTING BY: RENOVO REAL ESTATE,"$575,000",5,4,"3,019"
"40 Marvelle Rd, Fayetteville, NY 13066","MLS ID #S1526699, LISTING BY: BERKSHIRE HATHAWAY CNY REALTY","$750,000",5,4,"3,300"
"492 Knoll Court, Seaford, NY 11783",LISTING BY: COLDWELL BANKER AMERICAN HOMES,"$849,500",4,3,--
"52 Lee Ave, Endwell, NY 13760",LISTING BY: HOWARD HANNA,"$155,000",3,2,"1,688"
"131-36 132nd Street, South Ozone Park, NY 11420",LISTING BY: AFFORDABLE REALTY CORP,"$350,000",3,2,--
"10 Bryant Pond Road, Putnam Valley, NY 10579",LISTING BY: KELLER WILLIAMS REALTY PARTNER,"$399,000",3,2,"1,218"
"5626 Newhouse Rd, East Amherst, NY 14051","MLS ID #B1524889, LISTING BY: HOWARD HANNA WNY INC.","$199,900",3,1,960
"19 Ava Drive, Syosset, NY 11791",LISTING BY: COMPASS GREATER NY LLC,"$929,999",4,3,"1,791"
"119 Catherine Street, East Northport, NY 11731",LISTING BY: DOUGLAS ELLIMAN REAL ESTATE,"$675,000",4,3,--
"1101 Clute Crest Drive, Niskayuna, NY 12309",LISTING BY: RENOVO REAL ESTATE,"$575,000",5,4,"3,019"
"3184 Court Street, Yorktown Heights, NY 10598",LISTING BY: MARY JANE PASTOR REALTY,"$650,000",3,2,"1,598"
"468 Richmond Road, East Meadow, NY 11554",LISTING BY: KELLER WILLIAMS RLTY LANDMARK,"$775,000",3,3,"1,692"
"28 Jefferson Avenue, Massapequa Park, NY 11762",LISTING BY: EXIT REALTY ALL PRO,"$599,316",4,2,"1,379"
"233 W Windsor Parkway, Oceanside, NY 11572",LISTING BY: ISLAND ADVANTAGE REALTY LLC,"$599,900",4,2,"1,470"
"1852 Tomlinson Avenue, Bronx, NY 10461",LISTING BY: KELLER WILLIAMS NY REALTY,"$599,000",3,2,"1,440"
"356 Auborn Avenue, Shirley, NY 11967",LISTING BY: EXIT REALTY LIBERTY,"$449,000",3,2,"1,745"
"45 Manitou Woods, Garrison, NY 10524",LISTING BY: HOULIHAN LAWRENCE INC.,"$3,375,000",3,5,"2,861"
"31 Raymond Place, Yonkers, NY 10704",LISTING BY: JULIA B FEE SOTHEBYS INT. RLTY,"$775,000",4,2,"1,754"
"10 Old Post Rd, Fairport, NY 14450","MLS ID #R1525266, LISTING BY: RE/MAX REALTY GROUP","$275,000",4,2,"1,750"
"27 Croton Avenue, Tarrytown, NY 10591",LISTING BY: COLDWELL BANKER REALTY,"$765,000",3,2,"1,560"
"468 Richmond Road, East Meadow, NY 11554",LISTING BY: KELLER WILLIAMS RLTY LANDMARK,"$775,000",3,3,"1,692"
"28 Jefferson Avenue, Massapequa Park, NY 11762",LISTING BY: EXIT REALTY ALL PRO,"$599,316",4,2,"1,379"
"233 W Windsor Parkway, Oceanside, NY 11572",LISTING BY: ISLAND ADVANTAGE REALTY LLC,"$599,900",4,2,"1,470"
"1852 Tomlinson Avenue, Bronx, NY 10461",LISTING BY: KELLER WILLIAMS NY REALTY,"$599,000",3,2,"1,440"
"356 Auborn Avenue, Shirley, NY 11967",LISTING BY: EXIT REALTY LIBERTY,"$449,000",3,2,"1,745"
"45 Manitou Woods, Garrison, NY 10524",LISTING BY: HOULIHAN LAWRENCE INC.,"$3,375,000",3,5,"2,861"
"31 Raymond Place, Yonkers, NY 10704",LISTING BY: JULIA B FEE SOTHEBYS INT. RLTY,"$775,000",4,2,"1,754"
"10 Old Post Rd, Fairport, NY 14450","MLS ID #R1525266, LISTING BY: RE/MAX REALTY GROUP","$275,000",4,2,"1,750"
"27 Croton Avenue, Tarrytown, NY 10591",LISTING BY: COLDWELL BANKER REALTY,"$765,000",3,2,"1,560"
"31 Astor Court, Commack, NY 11725",LISTING BY: COMPASS GREATER NY LLC,"$599,000",4,1,--
"150 Burbank Dr, Amherst, NY 14226","MLS ID #B1526607, LISTING BY: HUNT REAL ESTATE ERA","$375,000",3,3,"1,533"
"2405 Checkered Tavern Rd, Appleton, NY 14008","MLS ID #B1526781, LISTING BY: KELLER WILLIAMS REALTY WNY","$199,900",6,3,"1,368"
"273 Wilmington Ave, Tonawanda, NY 14150","MLS ID #B1526518, LISTING BY: HOWARD HANNA WNY INC.","$239,900",2,2,"1,309"
"4659 McKinley Pkwy, Hamburg, NY 14075","MLS ID #B1521179, LISTING BY: 716 REALTY GROUP WNY LLC","$289,499",3,2,"1,620"
"2306 Penatiquit Avenue, Seaford, NY 11783",LISTING BY: STEPHEN JOSEPH PROPERTIES,"$598,000",3,2,--
"1146 Glen Cove Avenue, Roslyn Harbor, NY 11548",LISTING BY: BERKSHIRE HATHAWAY,"$780,000",3,2,--
"3666 Route 9, Peru, NY 12972",LISTING BY: KAVANAUGH REALTY-PLATTSBURGH,"$624,900",--,--,"21,670"
"94 Sackman St, Brooklyn, NY 11233",LISTING BY: KELLER WILLIAMS NYC,"$1,320,000",5,4,--
"54 Spring Road, Glenville, NY 12302","LISTING BY: MIRANDA REAL ESTATE GROUP, INC","$325,000",5,2,"1,964"
"150 Burbank Dr, Amherst, NY 14226","MLS ID #B1526607, LISTING BY: HUNT REAL ESTATE ERA","$375,000",3,3,"1,533"
"2405 Checkered Tavern Rd, Appleton, NY 14008","MLS ID #B1526781, LISTING BY: KELLER WILLIAMS REALTY WNY","$199,900",6,3,"1,368"
"273 Wilmington Ave, Tonawanda, NY 14150","MLS ID #B1526518, LISTING BY: HOWARD HANNA WNY INC.","$239,900",2,2,"1,309"
"4659 McKinley Pkwy, Hamburg, NY 14075","MLS ID #B1521179, LISTING BY: 716 REALTY GROUP WNY LLC","$289,499",3,2,"1,620"
"2306 Penatiquit Avenue, Seaford, NY 11783",LISTING BY: STEPHEN JOSEPH PROPERTIES,"$598,000",3,2,--
"1146 Glen Cove Avenue, Roslyn Harbor, NY 11548",LISTING BY: BERKSHIRE HATHAWAY,"$780,000",3,2,--
"3666 Route 9, Peru, NY 12972",LISTING BY: KAVANAUGH REALTY-PLATTSBURGH,"$624,900",--,--,"21,670"
"94 Sackman St, Brooklyn, NY 11233",LISTING BY: KELLER WILLIAMS NYC,"$1,320,000",5,4,--
"54 Spring Road, Glenville, NY 12302","LISTING BY: MIRANDA REAL ESTATE GROUP, INC","$325,000",5,2,"1,964"
"26 Dorothy Drive, Syosset, NY 11791",LISTING BY: DOUGLAS ELLIMAN REAL ESTATE,"$1,399,000",5,3,--
"31 Branglebrink Road, Saint James, NY 11780",LISTING BY: COMPASS GREATER NY LLC,"$1,899,000",5,6,"4,600"
"36 Trumet Ln, Levittown, NY 11756",LISTING BY: APOLLO POINT REALTY LLC,"$399,000",4,1,"1,314"
"53 Woodcock Road, Monroe, NY 10950",LISTING BY: BHHS HUDSON VALLEY PROPERTIES,"$925,000",4,4,"4,000"
"922 Howard Avenue, Mamaroneck, NY 10543",LISTING BY: RE/MAX PRIME PROPERTIES,"$725,000",3,3,"1,872"
"393 N Rockingham Way, Amherst, NY 14228","MLS ID #B1525694, LISTING BY: SUPERLATIVE REAL ESTATE, INC.","$859,900",4,5,"3,285"
"126 Mckinstry Road, Gardiner, NY 12525",LISTING BY: EXP REALTY,"$639,000",4,4,"2,895"
"4441 Southwood Heights Dr, Jamesville, NY 13078","MLS ID #S1525553, LISTING BY: ACROPOLIS REALTY GROUP LLC","$499,900",4,4,"2,284"
"391 Hidley Road, Wynantskill, NY 12198",LISTING BY: KELLER WILLIAMS CAPITAL DIST,"$329,900",4,2,"1,862"
"1 Sunset Dr, Avon, NY 14414","MLS ID #R1525209, LISTING BY: KELLER WILLIAMS REALTY GREATER ROCHESTER","$199,900",3,2,"1,350"
"31 Branglebrink Road, Saint James, NY 11780",LISTING BY: COMPASS GREATER NY LLC,"$1,899,000",5,6,"4,600"
"36 Trumet Ln, Levittown, NY 11756",LISTING BY: APOLLO POINT REALTY LLC,"$399,000",4,1,"1,314"
"53 Woodcock Road, Monroe, NY 10950",LISTING BY: BHHS HUDSON VALLEY PROPERTIES,"$925,000",4,4,"4,000"
"922 Howard Avenue, Mamaroneck, NY 10543",LISTING BY: RE/MAX PRIME PROPERTIES,"$725,000",3,3,"1,872"
"393 N Rockingham Way, Amherst, NY 14228","MLS ID #B1525694, LISTING BY: SUPERLATIVE REAL ESTATE, INC.","$859,900",4,5,"3,285"
"126 Mckinstry Road, Gardiner, NY 12525",LISTING BY: EXP REALTY,"$639,000",4,4,"2,895"
"4441 Southwood Heights Dr, Jamesville, NY 13078","MLS ID #S1525553, LISTING BY: ACROPOLIS REALTY GROUP LLC","$499,900",4,4,"2,284"
"391 Hidley Road, Wynantskill, NY 12198",LISTING BY: KELLER WILLIAMS CAPITAL DIST,"$329,900",4,2,"1,862"
"1 Sunset Dr, Avon, NY 14414","MLS ID #R1525209, LISTING BY: KELLER WILLIAMS REALTY GREATER ROCHESTER","$199,900",3,2,"1,350"
"218-40 94th Road, Queens Village, NY 11428",LISTING BY: KELLER WILLIAMS LEGENDARY,"$675,000",5,3,--
"17 Summit Avenue, Central Valley, NY 10917",LISTING BY: MASTER REALTY GROUP INC.,"$650,000",7,3,"2,479"
"7 Schuyler Court, Clifton Park, NY 12065",LISTING BY: NY ICON GROUP LLC,"$259,900",3,3,"1,480"
"49 Main St, Schenevus, NY 12155","MLS ID #R1514973, LISTING BY: COLDWELL BANKER TIMBERLAND PROPERTIES","$239,000",4,3,"3,724"
"17 Lenox Avenue, Mount Vernon, NY 10552",LISTING BY: YOURHOMESOLD GUARANTEED REALTY,"$879,000",4,2,"2,300"
"56 Twin Lane N. Lane, Wantagh, NY 11793",LISTING BY: SIGNATURE PREMIER PROPERTIES,"$625,000",4,1,"1,257"
"45 Leopold Avenue, West Islip, NY 11795",LISTING BY: ED RYAN REAL ESTATE GROUP,"$839,000",6,4,"2,800"
"44 Holland Drive, West Hurley, NY 12491","LISTING BY: LAKE & MOUNTAIN REALTY, LLC","$465,000",3,2,"1,485"
"62 Woodycrest Drive, Farmingville, NY 11738",LISTING BY: ALIANO REAL ESTATE,"$499,000",3,2,--
"759 Carlton Road, Clifton Park, NY 12065",LISTING BY: STERLING REAL ESTATE GROUP,"$588,400",3,2,"1,675"
"17 Summit Avenue, Central Valley, NY 10917",LISTING BY: MASTER REALTY GROUP INC.,"$650,000",7,3,"2,479"
"7 Schuyler Court, Clifton Park, NY 12065",LISTING BY: NY ICON GROUP LLC,"$259,900",3,3,"1,480"
"49 Main St, Schenevus, NY 12155","MLS ID #R1514973, LISTING BY: COLDWELL BANKER TIMBERLAND PROPERTIES","$239,000",4,3,"3,724"
"17 Lenox Avenue, Mount Vernon, NY 10552",LISTING BY: YOURHOMESOLD GUARANTEED REALTY,"$879,000",4,2,"2,300"
"56 Twin Lane N. Lane, Wantagh, NY 11793",LISTING BY: SIGNATURE PREMIER PROPERTIES,"$625,000",4,1,"1,257"
"45 Leopold Avenue, West Islip, NY 11795",LISTING BY: ED RYAN REAL ESTATE GROUP,"$839,000",6,4,"2,800"
"44 Holland Drive, West Hurley, NY 12491","LISTING BY: LAKE & MOUNTAIN REALTY, LLC","$465,000",3,2,"1,485"
"62 Woodycrest Drive, Farmingville, NY 11738",LISTING BY: ALIANO REAL ESTATE,"$499,000",3,2,--
"759 Carlton Road, Clifton Park, NY 12065",LISTING BY: STERLING REAL ESTATE GROUP,"$588,400",3,2,"1,675"
"96 Martin Road, Pleasant Valley, NY 12569",LISTING BY: KELLER WILLIAMS REALTY,"$325,000",3,2,"1,795"
"505 Grassmere Terrace, Far Rockaway, NY 11691",LISTING BY: RE/MAX RELIANCE,"$799,000",4,3,"2,100"
"1501 St Hwy 17A, Warwick, NY 10990",LISTING BY: RE/MAX TOWN & COUNTRY,"$525,000",2,3,"1,940"
"60 Twining Rd, Johnson City, NY 13790",LISTING BY: WARREN REAL ESTATE (FRONT STREET),"$349,000",2,2,"1,944"
"730 E 232 Street UNIT 3H, Bronx, NY 10466",LISTING BY: COLDWELL BANKER AMERICAN HOMES,"$130,000",1,1,756
"3732 Main St, Burdett, NY 14818",LISTING BY: SMART FOCUS REALTY. Listing provided by ECMLS,"$450,000",5,3,"3,155"
"27 Brooks Pl, Baldwinsville, NY 13027","MLS ID #S1524896, LISTING BY: HOWARD HANNA REAL ESTATE","$184,900",3,1,"1,125"
"19 W Elm St, Peru, NY 12972",LISTING BY: CENTURY 21 THE ONE,"$235,995",3,2,"2,064"
"28 Pinewood Priv Lane, Hadley, NY 12835",LISTING BY: THOMAS J REAL ESTATE INC,"$189,000",3,2,950
"10430 164th Pl, Jamaica, NY 11433",LISTING BY: SOWAE CORP,"$185,000",3,1,"1,130"
"505 Grassmere Terrace, Far Rockaway, NY 11691",LISTING BY: RE/MAX RELIANCE,"$799,000",4,3,"2,100"
"1501 St Hwy 17A, Warwick, NY 10990",LISTING BY: RE/MAX TOWN & COUNTRY,"$525,000",2,3,"1,940"
"60 Twining Rd, Johnson City, NY 13790",LISTING BY: WARREN REAL ESTATE (FRONT STREET),"$349,000",2,2,"1,944"
"730 E 232 Street UNIT 3H, Bronx, NY 10466",LISTING BY: COLDWELL BANKER AMERICAN HOMES,"$130,000",1,1,756
"3732 Main St, Burdett, NY 14818",LISTING BY: SMART FOCUS REALTY. Listing provided by ECMLS,"$450,000",5,3,"3,155"
"27 Brooks Pl, Baldwinsville, NY 13027","MLS ID #S1524896, LISTING BY: HOWARD HANNA REAL ESTATE","$184,900",3,1,"1,125"
"19 W Elm St, Peru, NY 12972",LISTING BY: CENTURY 21 THE ONE,"$235,995",3,2,"2,064"
"28 Pinewood Priv Lane, Hadley, NY 12835",LISTING BY: THOMAS J REAL ESTATE INC,"$189,000",3,2,950
"10430 164th Pl, Jamaica, NY 11433",LISTING BY: SOWAE CORP,"$185,000",3,1,"1,130"
"14 Sylvia Road, Plainview, NY 11803",LISTING BY: DOUGLAS ELLIMAN REAL ESTATE,"$788,000",3,2,--
"2642 Columbus Avenue, North Bellmore, NY 11710",LISTING BY: DOUGLAS ELLIMAN REAL ESTATE,"$789,000",4,2,"1,789"
"79 California Avenue, Hempstead, NY 11550",LISTING BY: YOUR NY PROPS LLC,"$523,000",4,3,--
"7588 Akron Rd, Lockport, NY 14094","MLS ID #B1524048, LISTING BY: BERKSHIRE HATHAWAY HOMESERVICES ZAMBITO REALTORS","$84,900",4,2,"1,528"
"58 Joanne Drive, Holbrook, NY 11741",LISTING BY: DEANS R E & MOVING HOMES LLC,"$599,900",4,2,"1,812"
"25 Walnut Street, White Plains, NY 10607","LISTING BY: COMPASS GREATER NY, LLC","$650,000",3,2,"1,764"
"246 Broadway, Pleasantville, NY 10570",LISTING BY: WILLIAM RAVEIS REAL ESTATE,"$1,049,000",4,3,"2,552"
"(undisclosed Address), Lawrence, NY 11559",LISTING BY: BERKSHIRE HATHAWAY,"$7,995,000",5,6,"5,000"
"175 Angle Rd, Buffalo, NY 14224","MLS ID #B1524084, LISTING BY: MJ PETERSON REAL ESTATE","$369,000",4,2,"1,870"
"708 Amsterdam Avenue, East Patchogue, NY 11772",LISTING BY: EXIT REALTY EDGE,"$474,987",3,2,--
"2642 Columbus Avenue, North Bellmore, NY 11710",LISTING BY: DOUGLAS ELLIMAN REAL ESTATE,"$789,000",4,2,"1,789"
"79 California Avenue, Hempstead, NY 11550",LISTING BY: YOUR NY PROPS LLC,"$523,000",4,3,--
"7588 Akron Rd, Lockport, NY 14094","MLS ID #B1524048, LISTING BY: BERKSHIRE HATHAWAY HOMESERVICES ZAMBITO REALTORS","$84,900",4,2,"1,528"
"58 Joanne Drive, Holbrook, NY 11741",LISTING BY: DEANS R E & MOVING HOMES LLC,"$599,900",4,2,"1,812"
"25 Walnut Street, White Plains, NY 10607","LISTING BY: COMPASS GREATER NY, LLC","$650,000",3,2,"1,764"
"246 Broadway, Pleasantville, NY 10570",LISTING BY: WILLIAM RAVEIS REAL ESTATE,"$1,049,000",4,3,"2,552"
"(undisclosed Address), Lawrence, NY 11559",LISTING BY: BERKSHIRE HATHAWAY,"$7,995,000",5,6,"5,000"
"175 Angle Rd, Buffalo, NY 14224","MLS ID #B1524084, LISTING BY: MJ PETERSON REAL ESTATE","$369,000",4,2,"1,870"
"708 Amsterdam Avenue, East Patchogue, NY 11772",LISTING BY: EXIT REALTY EDGE,"$474,987",3,2,--
"237 Kendall Pl, Elmira, NY 14901",LISTING BY: SIGNATURE PROPERTIES. Listing provided by ECMLS,"$105,000",2,1,"1,468"
"1470 9th Street, West Babylon, NY 11704",LISTING BY: CENTURY 21 ADAMS REAL ESTATE,"$699,000",5,4,"2,300"
"56 Woodglen Drive, New City, NY 10956",LISTING BY: COLDWELL BANKER REALTY,"$674,900",4,3,"2,012"
"8 Stonywell Court, Hampton Bays, NY 11946",LISTING BY: COLDWELL BANKER RELIABLE R E,"$1,150,000",4,2,"1,608"
"160-14 26th Avenue, Flushing, NY 11358",LISTING BY: RE/MAX 1ST CHOICE,"$998,000",3,3,--
"41 Maple Hill Road, Huntington, NY 11743",LISTING BY: SIGNATURE PREMIER PROPERTIES,"$899,000",3,2,--
"489 Foley Rd, Windsor, NY 13865",LISTING BY: EXIT REALTY HOMEWARD BOUND,"$100,000",3,1,936
"248 Cottonwood Dr, Williamsville, NY 14221","MLS ID #B1526615, LISTING BY: HOWARD HANNA WNY INC.","$399,000",4,2,"1,913"
"23 Alpine Street, Port Jefferson Station, NY 11776",LISTING BY: EXIT REALTY ISLAND ELITE,"$550,000",4,3,--
"108 Cora Ave, North Syracuse, NY 13212","MLS ID #S1526353, LISTING BY: KIRNAN REAL ESTATE","$249,900",4,2,"1,924"
"1470 9th Street, West Babylon, NY 11704",LISTING BY: CENTURY 21 ADAMS REAL ESTATE,"$699,000",5,4,"2,300"
"56 Woodglen Drive, New City, NY 10956",LISTING BY: COLDWELL BANKER REALTY,"$674,900",4,3,"2,012"
"8 Stonywell Court, Hampton Bays, NY 11946",LISTING BY: COLDWELL BANKER RELIABLE R E,"$1,150,000",4,2,"1,608"
"160-14 26th Avenue, Flushing, NY 11358",LISTING BY: RE/MAX 1ST CHOICE,"$998,000",3,3,--
"41 Maple Hill Road, Huntington, NY 11743",LISTING BY: SIGNATURE PREMIER PROPERTIES,"$899,000",3,2,--
"489 Foley Rd, Windsor, NY 13865",LISTING BY: EXIT REALTY HOMEWARD BOUND,"$100,000",3,1,936
"248 Cottonwood Dr, Williamsville, NY 14221","MLS ID #B1526615, LISTING BY: HOWARD HANNA WNY INC.","$399,000",4,2,"1,913"
"23 Alpine Street, Port Jefferson Station, NY 11776",LISTING BY: EXIT REALTY ISLAND ELITE,"$550,000",4,3,--
"108 Cora Ave, North Syracuse, NY 13212","MLS ID #S1526353, LISTING BY: KIRNAN REAL ESTATE","$249,900",4,2,"1,924"
"304 Sheridan Avenue, Other, NY 11208",LISTING BY: WW REALTY GROUP INC,"$1,245,000",--,--,"2,340"
"9 Salem Road, Pound Ridge, NY 10576",LISTING BY: HOULIHAN LAWRENCE INC.,"$965,000",3,3,"2,284"
"20 Blackberry Hill Road, Katonah, NY 10536","LISTING BY: COMPASS GREATER NY, LLC","$1,500,000",5,4,"5,634"
"7278 Windsor Rd, Ellicottville, NY 14731","MLS ID #B1526222, LISTING BY: RE/MAX ON POINT","$399,900",3,2,"1,356"
"35 Terrace Drive Ext., Lake Luzerne, NY 12846",LISTING BY: WELCH GROUP,"$649,000",3,3,"2,892"
"1275 Champion, Elbridge, NY 13060","MLS ID #S1526654, LISTING BY: ENLIGHTEN REALTY INC.","$89,900",3,2,"1,749"
"1033 St Jude Drive, Rotterdam, NY 12303",LISTING BY: COLDWELL BANKER PRIME PROP.,"$249,900",4,2,"1,436"
"395 N Village Avenue, Rockville Centre, NY 11570",LISTING BY: NOVUS REALTY GROUP INC,"$1,999,999",4,4,"3,387"
"306 Sheridan Avenue, Other, NY 11208",LISTING BY: WW REALTY GROUP INC,"$1,150,000",--,--,"2,652"
"1678 Schoellkopf Rd, Lake View, NY 14085","MLS ID #B1525291, LISTING BY: KELLER WILLIAMS REALTY LANCASTER","$199,900",3,1,"1,254"
"9 Salem Road, Pound Ridge, NY 10576",LISTING BY: HOULIHAN LAWRENCE INC.,"$965,000",3,3,"2,284"
"20 Blackberry Hill Road, Katonah, NY 10536","LISTING BY: COMPASS GREATER NY, LLC","$1,500,000",5,4,"5,634"
"7278 Windsor Rd, Ellicottville, NY 14731","MLS ID #B1526222, LISTING BY: RE/MAX ON POINT","$399,900",3,2,"1,356"
"35 Terrace Drive Ext., Lake Luzerne, NY 12846",LISTING BY: WELCH GROUP,"$649,000",3,3,"2,892"
"1275 Champion, Elbridge, NY 13060","MLS ID #S1526654, LISTING BY: ENLIGHTEN REALTY INC.","$89,900",3,2,"1,749"
"1033 St Jude Drive, Rotterdam, NY 12303",LISTING BY: COLDWELL BANKER PRIME PROP.,"$249,900",4,2,"1,436"
"395 N Village Avenue, Rockville Centre, NY 11570",LISTING BY: NOVUS REALTY GROUP INC,"$1,999,999",4,4,"3,387"
"306 Sheridan Avenue, Other, NY 11208",LISTING BY: WW REALTY GROUP INC,"$1,150,000",--,--,"2,652"
"1678 Schoellkopf Rd, Lake View, NY 14085","MLS ID #B1525291, LISTING BY: KELLER WILLIAMS REALTY LANCASTER","$199,900",3,1,"1,254"
"16 Overlook, Yorktown Heights, NY 10598",LISTING BY: KELLER WILLIAMS REALTY PARTNER,"$275,000",1,1,800
